reaction,EX_INDIRUBIN_LPAREN_e_RPAREN_
DM_4CRSOL,-0.999306028123934
DM_5DRIB,-0.9993236035030539
DM_AACALD,
DM_AMOB,-0.9329611737886389
DM_MTHTHF,-0.9993160363194484
DM_OXAM,
Ec_biomass_iJO1366_WT_53p95M,
Ec_biomass_iJO1366_core_53p95M,-0.9993060281239339
EX_12ppd_DASH_R_LPAREN_e_RPAREN_,
EX_12ppd_DASH_S_LPAREN_e_RPAREN_,
EX_14glucan_LPAREN_e_RPAREN_,
EX_15dap_LPAREN_e_RPAREN_,
EX_23camp_LPAREN_e_RPAREN_,
EX_23ccmp_LPAREN_e_RPAREN_,
EX_23cgmp_LPAREN_e_RPAREN_,
EX_23cump_LPAREN_e_RPAREN_,
EX_23dappa_LPAREN_e_RPAREN_,
EX_26dap_DASH_M_LPAREN_e_RPAREN_,
EX_2ddglcn_LPAREN_e_RPAREN_,
EX_34dhpac_LPAREN_e_RPAREN_,
EX_3amp_LPAREN_e_RPAREN_,
EX_3cmp_LPAREN_e_RPAREN_,
EX_3gmp_LPAREN_e_RPAREN_,
EX_3hcinnm_LPAREN_e_RPAREN_,
EX_3hpp_LPAREN_e_RPAREN_,
EX_3hpppn_LPAREN_e_RPAREN_,
EX_3ump_LPAREN_e_RPAREN_,
EX_4abut_LPAREN_e_RPAREN_,
EX_4hoxpacd_LPAREN_e_RPAREN_,
EX_5dglcn_LPAREN_e_RPAREN_,
EX_5mtr_LPAREN_e_RPAREN_,
EX_LalaDglu_LPAREN_e_RPAREN_,
EX_LalaDgluMdap_LPAREN_e_RPAREN_,
EX_LalaDgluMdapDala_LPAREN_e_RPAREN_,
EX_LalaLglu_LPAREN_e_RPAREN_,
EX_ac_LPAREN_e_RPAREN_,
EX_acac_LPAREN_e_RPAREN_,
EX_acald_LPAREN_e_RPAREN_,
EX_acgal_LPAREN_e_RPAREN_,
EX_acgal1p_LPAREN_e_RPAREN_,
EX_acgam_LPAREN_e_RPAREN_,
EX_acgam1p_LPAREN_e_RPAREN_,
EX_acmana_LPAREN_e_RPAREN_,
EX_acmum_LPAREN_e_RPAREN_,
EX_acnam_LPAREN_e_RPAREN_,
EX_acolipa_LPAREN_e_RPAREN_,
EX_acser_LPAREN_e_RPAREN_,
EX_ade_LPAREN_e_RPAREN_,-0.4606486437419671
EX_adn_LPAREN_e_RPAREN_,
EX_adocbl_LPAREN_e_RPAREN_,
EX_ag_LPAREN_e_RPAREN_,
EX_agm_LPAREN_e_RPAREN_,
EX_akg_LPAREN_e_RPAREN_,
EX_ala_DASH_B_LPAREN_e_RPAREN_,
EX_ala_DASH_D_LPAREN_e_RPAREN_,
EX_ala_DASH_L_LPAREN_e_RPAREN_,
EX_alaala_LPAREN_e_RPAREN_,
EX_all_DASH_D_LPAREN_e_RPAREN_,
EX_alltn_LPAREN_e_RPAREN_,-0.17407765595569782
EX_amp_LPAREN_e_RPAREN_,
EX_anhgm_LPAREN_e_RPAREN_,
EX_arab_DASH_L_LPAREN_e_RPAREN_,
EX_arbt_LPAREN_e_RPAREN_,
EX_arbtn_LPAREN_e_RPAREN_,
EX_arbtn_DASH_fe3_LPAREN_e_RPAREN_,
EX_arg_DASH_L_LPAREN_e_RPAREN_,-0.4273222982048366
EX_ascb_DASH_L_LPAREN_e_RPAREN_,
EX_asn_DASH_L_LPAREN_e_RPAREN_,
EX_aso3_LPAREN_e_RPAREN_,
EX_asp_DASH_L_LPAREN_e_RPAREN_,
EX_btn_LPAREN_e_RPAREN_,
EX_but_LPAREN_e_RPAREN_,
EX_butso3_LPAREN_e_RPAREN_,
EX_ca2_LPAREN_e_RPAREN_,-0.9993060281239341
EX_cbi_LPAREN_e_RPAREN_,
EX_cbl1_LPAREN_e_RPAREN_,
EX_cd2_LPAREN_e_RPAREN_,
EX_cgly_LPAREN_e_RPAREN_,
EX_chol_LPAREN_e_RPAREN_,
EX_chtbs_LPAREN_e_RPAREN_,
EX_cit_LPAREN_e_RPAREN_,
EX_cl_LPAREN_e_RPAREN_,-0.999306028123934
EX_cm_LPAREN_e_RPAREN_,
EX_cmp_LPAREN_e_RPAREN_,
EX_co2_LPAREN_e_RPAREN_,-0.9193105528996626
EX_cobalt2_LPAREN_e_RPAREN_,-0.999306028123934
EX_colipa_LPAREN_e_RPAREN_,
EX_colipap_LPAREN_e_RPAREN_,
EX_cpgn_LPAREN_e_RPAREN_,
EX_cpgn_DASH_un_LPAREN_e_RPAREN_,
EX_crn_LPAREN_e_RPAREN_,
EX_crn_DASH_D_LPAREN_e_RPAREN_,
EX_csn_LPAREN_e_RPAREN_,
EX_cu_LPAREN_e_RPAREN_,
EX_cu2_LPAREN_e_RPAREN_,-0.9993060281239338
EX_cyan_LPAREN_e_RPAREN_,
EX_cynt_LPAREN_e_RPAREN_,
EX_cys_DASH_D_LPAREN_e_RPAREN_,
EX_cys_DASH_L_LPAREN_e_RPAREN_,
EX_cytd_LPAREN_e_RPAREN_,
EX_dad_DASH_2_LPAREN_e_RPAREN_,
EX_damp_LPAREN_e_RPAREN_,
EX_dca_LPAREN_e_RPAREN_,
EX_dcmp_LPAREN_e_RPAREN_,
EX_dcyt_LPAREN_e_RPAREN_,
EX_ddca_LPAREN_e_RPAREN_,
EX_dgmp_LPAREN_e_RPAREN_,
EX_dgsn_LPAREN_e_RPAREN_,
EX_dha_LPAREN_e_RPAREN_,
EX_dimp_LPAREN_e_RPAREN_,
EX_din_LPAREN_e_RPAREN_,
EX_dms_LPAREN_e_RPAREN_,
EX_dmso_LPAREN_e_RPAREN_,
EX_dopa_LPAREN_e_RPAREN_,
EX_doxrbcn_LPAREN_e_RPAREN_,
EX_dtmp_LPAREN_e_RPAREN_,
EX_dump_LPAREN_e_RPAREN_,
EX_duri_LPAREN_e_RPAREN_,
EX_eca4colipa_LPAREN_e_RPAREN_,
EX_enlipa_LPAREN_e_RPAREN_,
EX_enter_LPAREN_e_RPAREN_,
EX_etha_LPAREN_e_RPAREN_,
EX_ethso3_LPAREN_e_RPAREN_,
EX_etoh_LPAREN_e_RPAREN_,
EX_f6p_LPAREN_e_RPAREN_,
EX_fald_LPAREN_e_RPAREN_,
EX_fe2_LPAREN_e_RPAREN_,-0.999306028123934
EX_fe3_LPAREN_e_RPAREN_,
EX_fe3dcit_LPAREN_e_RPAREN_,
EX_fe3dhbzs_LPAREN_e_RPAREN_,
EX_fe3hox_LPAREN_e_RPAREN_,
EX_fe3hox_DASH_un_LPAREN_e_RPAREN_,
EX_fecrm_LPAREN_e_RPAREN_,
EX_fecrm_DASH_un_LPAREN_e_RPAREN_,
EX_feenter_LPAREN_e_RPAREN_,
EX_feoxam_LPAREN_e_RPAREN_,
EX_feoxam_DASH_un_LPAREN_e_RPAREN_,
EX_for_LPAREN_e_RPAREN_,
EX_fru_LPAREN_e_RPAREN_,
EX_frulys_LPAREN_e_RPAREN_,
EX_fruur_LPAREN_e_RPAREN_,
EX_fuc_DASH_L_LPAREN_e_RPAREN_,
EX_fum_LPAREN_e_RPAREN_,
EX_fusa_LPAREN_e_RPAREN_,
EX_g1p_LPAREN_e_RPAREN_,
EX_g3pc_LPAREN_e_RPAREN_,
EX_g3pe_LPAREN_e_RPAREN_,
EX_g3pg_LPAREN_e_RPAREN_,
EX_g3pi_LPAREN_e_RPAREN_,
EX_g3ps_LPAREN_e_RPAREN_,
EX_g6p_LPAREN_e_RPAREN_,
EX_gal_LPAREN_e_RPAREN_,
EX_gal_DASH_bD_LPAREN_e_RPAREN_,
EX_gal1p_LPAREN_e_RPAREN_,
EX_galct_DASH_D_LPAREN_e_RPAREN_,
EX_galctn_DASH_D_LPAREN_e_RPAREN_,
EX_galctn_DASH_L_LPAREN_e_RPAREN_,
EX_galt_LPAREN_e_RPAREN_,
EX_galur_LPAREN_e_RPAREN_,
EX_gam_LPAREN_e_RPAREN_,
EX_gam6p_LPAREN_e_RPAREN_,
EX_gbbtn_LPAREN_e_RPAREN_,
EX_gdp_LPAREN_e_RPAREN_,
EX_glc_LPAREN_e_RPAREN_,
EX_glcn_LPAREN_e_RPAREN_,
EX_glcr_LPAREN_e_RPAREN_,
EX_glcur_LPAREN_e_RPAREN_,
EX_glcur1p_LPAREN_e_RPAREN_,
EX_gln_DASH_L_LPAREN_e_RPAREN_,
EX_glu_DASH_L_LPAREN_e_RPAREN_,
EX_gly_LPAREN_e_RPAREN_,
EX_glyald_LPAREN_e_RPAREN_,
EX_glyb_LPAREN_e_RPAREN_,
EX_glyc_LPAREN_e_RPAREN_,
EX_glyc_DASH_R_LPAREN_e_RPAREN_,
EX_glyc2p_LPAREN_e_RPAREN_,
EX_glyc3p_LPAREN_e_RPAREN_,
EX_glyclt_LPAREN_e_RPAREN_,
EX_gmp_LPAREN_e_RPAREN_,
EX_gsn_LPAREN_e_RPAREN_,
EX_gthox_LPAREN_e_RPAREN_,
EX_gthrd_LPAREN_e_RPAREN_,
EX_gtp_LPAREN_e_RPAREN_,
EX_gua_LPAREN_e_RPAREN_,
EX_h_LPAREN_e_RPAREN_,-0.9931686049044056
EX_h2_LPAREN_e_RPAREN_,
EX_h2o_LPAREN_e_RPAREN_,0.9748853246383886
EX_h2o2_LPAREN_e_RPAREN_,
EX_h2s_LPAREN_e_RPAREN_,
EX_hacolipa_LPAREN_e_RPAREN_,
EX_halipa_LPAREN_e_RPAREN_,
EX_hdca_LPAREN_e_RPAREN_,
EX_hdcea_LPAREN_e_RPAREN_,
EX_hg2_LPAREN_e_RPAREN_,
EX_his_DASH_L_LPAREN_e_RPAREN_,
EX_hom_DASH_L_LPAREN_e_RPAREN_,
EX_hxa_LPAREN_e_RPAREN_,
EX_hxan_LPAREN_e_RPAREN_,
EX_idon_DASH_L_LPAREN_e_RPAREN_,
EX_ile_DASH_L_LPAREN_e_RPAREN_,
EX_imp_LPAREN_e_RPAREN_,
EX_indole_LPAREN_e_RPAREN_,
EX_inost_LPAREN_e_RPAREN_,
EX_ins_LPAREN_e_RPAREN_,
EX_isetac_LPAREN_e_RPAREN_,
EX_k_LPAREN_e_RPAREN_,-0.9993060281239341
EX_kdo2lipid4_LPAREN_e_RPAREN_,
EX_lac_DASH_D_LPAREN_e_RPAREN_,
EX_lac_DASH_L_LPAREN_e_RPAREN_,
EX_lcts_LPAREN_e_RPAREN_,
EX_leu_DASH_L_LPAREN_e_RPAREN_,
EX_lipa_LPAREN_e_RPAREN_,
EX_lipa_cold_LPAREN_e_RPAREN_,
EX_lipoate_LPAREN_e_RPAREN_,
EX_lys_DASH_L_LPAREN_e_RPAREN_,-0.45779862143775174
EX_lyx_DASH_L_LPAREN_e_RPAREN_,
EX_mal_DASH_D_LPAREN_e_RPAREN_,
EX_mal_DASH_L_LPAREN_e_RPAREN_,
EX_malt_LPAREN_e_RPAREN_,
EX_malthx_LPAREN_e_RPAREN_,
EX_maltpt_LPAREN_e_RPAREN_,
EX_malttr_LPAREN_e_RPAREN_,
EX_maltttr_LPAREN_e_RPAREN_,
EX_man_LPAREN_e_RPAREN_,
EX_man6p_LPAREN_e_RPAREN_,
EX_manglyc_LPAREN_e_RPAREN_,
EX_melib_LPAREN_e_RPAREN_,
EX_meoh_LPAREN_e_RPAREN_,-0.9329611737886389
EX_met_DASH_D_LPAREN_e_RPAREN_,
EX_met_DASH_L_LPAREN_e_RPAREN_,
EX_metsox_DASH_R_DASH_L_LPAREN_e_RPAREN_,
EX_metsox_DASH_S_DASH_L_LPAREN_e_RPAREN_,
EX_mg2_LPAREN_e_RPAREN_,-0.9993060281239338
EX_mincyc_LPAREN_e_RPAREN_,
EX_minohp_LPAREN_e_RPAREN_,
EX_mmet_LPAREN_e_RPAREN_,
EX_mn2_LPAREN_e_RPAREN_,-0.999306028123934
EX_mnl_LPAREN_e_RPAREN_,
EX_mobd_LPAREN_e_RPAREN_,-0.9993060281239339
EX_mso3_LPAREN_e_RPAREN_,
EX_n2o_LPAREN_e_RPAREN_,
EX_na1_LPAREN_e_RPAREN_,
EX_nac_LPAREN_e_RPAREN_,
EX_nh4_LPAREN_e_RPAREN_,-0.9962069704785662
EX_ni2_LPAREN_e_RPAREN_,-0.9993060281239339
EX_nmn_LPAREN_e_RPAREN_,
EX_no_LPAREN_e_RPAREN_,
EX_no2_LPAREN_e_RPAREN_,
EX_no3_LPAREN_e_RPAREN_,
EX_novbcn_LPAREN_e_RPAREN_,
EX_o16a4colipa_LPAREN_e_RPAREN_,
EX_o2_LPAREN_e_RPAREN_,-0.9244060199080857
EX_o2s_LPAREN_e_RPAREN_,
EX_ocdca_LPAREN_e_RPAREN_,
EX_ocdcea_LPAREN_e_RPAREN_,
EX_octa_LPAREN_e_RPAREN_,
EX_orn_LPAREN_e_RPAREN_,
EX_orot_LPAREN_e_RPAREN_,
EX_pacald_LPAREN_e_RPAREN_,
EX_peamn_LPAREN_e_RPAREN_,
EX_phe_DASH_L_LPAREN_e_RPAREN_,
EX_pheme_LPAREN_e_RPAREN_,
EX_pi_LPAREN_e_RPAREN_,-0.9993060281239338
EX_pnto_DASH_R_LPAREN_e_RPAREN_,
EX_ppa_LPAREN_e_RPAREN_,
EX_ppal_LPAREN_e_RPAREN_,
EX_pppn_LPAREN_e_RPAREN_,
EX_ppt_LPAREN_e_RPAREN_,
EX_pro_DASH_L_LPAREN_e_RPAREN_,
EX_progly_LPAREN_e_RPAREN_,
EX_psclys_LPAREN_e_RPAREN_,
EX_pser_DASH_L_LPAREN_e_RPAREN_,
EX_ptrc_LPAREN_e_RPAREN_,
EX_pydam_LPAREN_e_RPAREN_,
EX_pydx_LPAREN_e_RPAREN_,
EX_pydxn_LPAREN_e_RPAREN_,
EX_pyr_LPAREN_e_RPAREN_,
EX_quin_LPAREN_e_RPAREN_,
EX_r5p_LPAREN_e_RPAREN_,
EX_rfamp_LPAREN_e_RPAREN_,
EX_rib_DASH_D_LPAREN_e_RPAREN_,
EX_rmn_LPAREN_e_RPAREN_,
EX_sbt_DASH_D_LPAREN_e_RPAREN_,
EX_sel_LPAREN_e_RPAREN_,
EX_ser_DASH_D_LPAREN_e_RPAREN_,
EX_ser_DASH_L_LPAREN_e_RPAREN_,
EX_skm_LPAREN_e_RPAREN_,
EX_slnt_LPAREN_e_RPAREN_,
EX_so2_LPAREN_e_RPAREN_,
EX_so3_LPAREN_e_RPAREN_,
EX_so4_LPAREN_e_RPAREN_,-0.9993060679147585
EX_spmd_LPAREN_e_RPAREN_,
EX_succ_LPAREN_e_RPAREN_,
EX_sucr_LPAREN_e_RPAREN_,
EX_sulfac_LPAREN_e_RPAREN_,
EX_tartr_DASH_D_LPAREN_e_RPAREN_,
EX_tartr_DASH_L_LPAREN_e_RPAREN_,
EX_taur_LPAREN_e_RPAREN_,
EX_tcynt_LPAREN_e_RPAREN_,
EX_thm_LPAREN_e_RPAREN_,
EX_thr_DASH_L_LPAREN_e_RPAREN_,
EX_thrp_LPAREN_e_RPAREN_,
EX_thym_LPAREN_e_RPAREN_,
EX_thymd_LPAREN_e_RPAREN_,
EX_tma_LPAREN_e_RPAREN_,
EX_tmao_LPAREN_e_RPAREN_,
EX_tre_LPAREN_e_RPAREN_,
EX_trp_DASH_L_LPAREN_e_RPAREN_,
EX_tsul_LPAREN_e_RPAREN_,
EX_ttdca_LPAREN_e_RPAREN_,
EX_ttdcea_LPAREN_e_RPAREN_,
EX_ttrcyc_LPAREN_e_RPAREN_,
EX_tungs_LPAREN_e_RPAREN_,
EX_tym_LPAREN_e_RPAREN_,
EX_tyr_DASH_L_LPAREN_e_RPAREN_,
EX_tyrp_LPAREN_e_RPAREN_,
EX_uacgam_LPAREN_e_RPAREN_,
EX_udpacgal_LPAREN_e_RPAREN_,
EX_udpg_LPAREN_e_RPAREN_,
EX_udpgal_LPAREN_e_RPAREN_,
EX_udpglcur_LPAREN_e_RPAREN_,
EX_ump_LPAREN_e_RPAREN_,
EX_ura_LPAREN_e_RPAREN_,
EX_urea_LPAREN_e_RPAREN_,-0.3877113533158151
EX_uri_LPAREN_e_RPAREN_,
EX_val_DASH_L_LPAREN_e_RPAREN_,
EX_xan_LPAREN_e_RPAREN_,
EX_xmp_LPAREN_e_RPAREN_,
EX_xtsn_LPAREN_e_RPAREN_,
EX_xyl_DASH_D_LPAREN_e_RPAREN_,
EX_xylu_DASH_L_LPAREN_e_RPAREN_,
EX_zn2_LPAREN_e_RPAREN_,-0.9993060281239339
12DGR120tipp,
12DGR140tipp,
12DGR141tipp,
12DGR160tipp,
12DGR161tipp,
12DGR180tipp,
12DGR181tipp,
12PPDRtex,
12PPDRtpp,
12PPDStex,
12PPDStpp,
14GLUCANabcpp,
14GLUCANtexi,
23CAMPtex,
23CCMPtex,
23CGMPtex,
23CUMPtex,
23DAPPAt2pp,
23DAPPAtex,
23PDE2pp,
23PDE4pp,
23PDE7pp,
23PDE9pp,
26DAHtex,
2AGPA120tipp,
2AGPA140tipp,
2AGPA141tipp,
2AGPA160tipp,
2AGPA161tipp,
2AGPA180tipp,
2AGPA181tipp,
2AGPE120tipp,
2AGPE140tipp,
2AGPE141tipp,
2AGPE160tipp,-0.46139444721940476
2AGPE161tipp,-0.46139444721940476
2AGPE180tipp,
2AGPE181tipp,
2AGPEAT120,
2AGPEAT140,
2AGPEAT141,
2AGPEAT160,
2AGPEAT161,
2AGPEAT180,
2AGPEAT181,
2AGPG120tipp,
2AGPG140tipp,
2AGPG141tipp,
2AGPG160tipp,
2AGPG161tipp,
2AGPG180tipp,
2AGPG181tipp,
2AGPGAT120,
2AGPGAT140,
2AGPGAT141,
2AGPGAT160,
2AGPGAT161,
2AGPGAT180,
2AGPGAT181,
2DGULRGx,
2DGULRGy,
2DGULRx,
2DGULRy,
2MAHMP,-0.4613944472194049
34dhpactex,
3AMACHYD,
3AMPtex,
3CMPtex,
3GMPtex,
3HAD100,
3HAD120,
3HAD121,
3HAD140,
3HAD141,
3HAD160,
3HAD161,
3HAD180,
3HAD181,
3HAD40,
3HAD60,
3HAD80,
3HCINNMH,
3HPPPNH,
3HPPtex,
3HPPtpp,
3KGK,
3NTD2pp,
3NTD4pp,
3NTD7pp,
3NTD9pp,
3OAR100,
3OAR120,
3OAR121,
3OAR140,0.0
3OAR141,
3OAR160,
3OAR161,
3OAR180,
3OAR181,
3OAR40,
3OAR60,
3OAR80,
3OAS100,
3OAS120,
3OAS121,
3OAS140,-0.9993060281239331
3OAS141,
3OAS160,
3OAS161,
3OAS180,
3OAS181,
3OAS60,
3OAS80,
3OXCOAT,
3PEPTabcpp,
3PEPTtex,
3UMPtex,
42A12BOOXpp,
4HOXPACDtex,
4HTHRS,
4PCP,
4PCPpp,
4PEPTabcpp,
4PEPTtex,
5DGLCNR,
5DGLCNt2rpp,
5DGLCNtex,
5DOAN,-0.9993236035030539
5MTRtex,
5MTRtpp,
A5PISO,-0.7494534252635332
AACPS1,
AACPS2,
AACPS3,-0.9898528396458887
AACPS4,-0.9983810857770911
AACPS5,
AACPS6,
AACPS7,-0.999306028123934
AACPS8,
AACPS9,
AACTOOR,
AADDGT,
AAMYL,
AAMYLpp,
AB6PGH,
ABTA,-0.3877113533158151
ABUTD,-0.3877113533158151
ABUTt2pp,
ABUTtex,
ACACCT,
ACACT1r,0.0
ACACT2r,-0.9993060281239339
ACACT3r,-0.9993060281239339
ACACT4r,-0.9993060281239339
ACACT5r,-0.9993060281239339
ACACT6r,
ACACT7r,0.4613944472194048
ACACT8r,
ACACt2pp,
ACACtex,
ACALD,-0.4613944472194048
ACALDtex,
ACALDtpp,
ACANTHAT,
ACBIPGT,
ACCOAC,-0.8831468173561204
ACCOAL,
ACGAL1PPpp,
ACGAL1Ptex,
ACGALtex,
ACGAM1PPpp,
ACGAM1Ptex,
ACGAMK,-0.5197841376368095
ACGAMT,
ACGAptspp,
ACGAtex,
ACGK,-0.9434588053042523
ACGS,-0.9434588053042523
ACHBS,-0.999306028123934
ACKr,-0.5252331271114775
ACLS,-0.9993060281239338
ACM6PH,-0.5197841376368095
ACMAMUT,
ACMANAptspp,
ACMANAtex,
ACMUMptspp,
ACMUMtex,
ACNAMt2pp,
ACNAMtex,
ACNML,
ACOAD1f,
ACOAD2f,
ACOAD3f,
ACOAD4f,
ACOAD5f,0.9993060281239341
ACOAD6f,
ACOAD7f,
ACOAD8f,
ACOATA,
ACODA,-0.9434588053042523
ACOLIPAabctex,
ACONIs,
ACONMT,
ACONTa,-0.05802588531856591
ACONTb,0.0
ACOTA,
ACPPAT120,
ACPPAT140,
ACPPAT141,
ACPPAT160,
ACPPAT161,
ACPPAT180,
ACPPAT181,
ACPS1,
ACS,
ACSERtex,
ACSERtpp,
ACt2rpp,
ACt4pp,
ACtex,
ADA,
ADCL,-0.9993060281239348
ADCS,-0.9993060281239348
ADD,-0.2364839620963667
ADEt2rpp,
ADEtex,
ADK1,0.5101538526518643
ADK3,0.9872473961807664
ADK4,
ADMDC,
ADNCYC,
ADNK1,-0.8830999709358617
ADNUC,
ADNt2pp,
ADNt2rpp,
ADNtex,
ADOCBIK,
ADOCBLS,
ADOCBLabcpp,
ADOCBLtonex,
ADPRDP,
ADPT,
ADSK,-0.9993060686108671
ADSL1r,
ADSL2r,-0.46139444721945166
ADSS,-0.9310093464518963
AGDC,-0.5197841376368095
AGM3PA,-0.5197841376368095
AGM3PApp,
AGM3PH,
AGM3Pt2pp,-0.46139444721940487
AGM4PA,
AGM4PApp,
AGM4PCP,-0.45314416163355115
AGM4PCPpp,
AGM4PH,
AGM4Pt2pp,-0.45314416163355115
AGMH,-0.5197841376368095
AGMHE,
AGMT,-0.3877113533158151
AGMt2pp,
AGMtex,
AGPAT120,
AGPAT140,
AGPAT141,
AGPAT160,-0.9898528396458888
AGPAT161,-0.9983810857770911
AGPAT180,
AGPAT181,
AGPR,0.8918586304922599
AGt3,
AHCYSNS,-0.9993160363194484
AICART,-0.5026810682229951
AIRC2,-0.9538331633299645
AIRC3,
AKGDH,-0.9522436689482008
AKGt2rpp,
AKGtex,
ALAALAD,-0.45314416163355115
ALAALAabcpp,-0.46139444721940487
ALAALAr,
ALAALAtex,
ALAGLUE,-0.5197841376368095
ALAR,0.0
ALATA_D2,
ALATA_L,0.5222329678670936
ALATA_L2,
ALATRS,
ALAabcpp,
ALAt2pp,
ALAt2rpp,
ALAt4pp,
ALAtex,
ALCD19,
ALCD2x,
ALDD19xr,
ALDD2x,
ALDD2y,0.6090853521080623
ALDD3y,
ALDD4,
ALLK,
ALLPI,
ALLTAMH,-0.3266228000671924
ALLTN,-0.3266228000671924
ALLTNt2rpp,
ALLTNtex,
ALLULPE,
ALLabcpp,
ALLtex,
ALPATE160pp,
ALPATG160pp,
ALR2,
ALR4x,
ALTRH,
AM3PA,
AM4PA,
AM4PCP,
AMALT1,
AMALT2,
AMALT3,
AMALT4,
AMANAPEr,
AMANK,
AMAOTr,0.3062739063501234
AMMQLT8,
AMPMS2,-0.999306028123934
AMPN,-0.38655136110382904
AMPTASECG,
AMPTASEPG,
AMPtex,
ANHGMtex,
ANHMK,-0.5197841376368095
ANPRT,0.9999999248347818
ANS,0.9999999248347818
AOBUTDs,
AOXSr2,-0.9329611737886389
AP4AH,
AP4AS,
AP5AH,
APCS,
APG3PAT120,
APG3PAT140,
APG3PAT141,
APG3PAT160,
APG3PAT161,
APG3PAT180,
APG3PAT181,
APH120,
APH140,
APH141,
APH160,
APH161,
APH180,
APH181,
APPLDHr,
APRAUR,-0.9993060281239127
ARAI,
ARBTNR1,
ARBTNR2,
ARBTNR3,
ARBTNabcpp,
ARBTNexs,
ARBTNtex,
ARBTNtonex,
ARBTNtpp,
ARBTptspp,
ARBTtex,
ARBabcpp,
ARBt2rpp,
ARBt3ipp,
ARBtex,
ARGAGMt7pp,
ARGDC,-0.3877113533158151
ARGDCpp,
ARGORNt7pp,
ARGSL,0.0
ARGSS,-0.9434588053042523
ARGTRS,
ARGabcpp,
ARGt3pp,-0.4273222982048366
ARGtex,
ASAD,0.7011404250671406
ASCBPL,
ASCBptspp,
ASCBtex,
ASNN,
ASNNpp,
ASNS1,
ASNS2,-0.999306028123934
ASNTRS,
ASNabcpp,
ASNt2rpp,
ASNtex,
ASO3t8pp,
ASO3tex,
ASP1DC,-0.9993060281239301
ASPCT,-0.9993060281239339
ASPK,0.0
ASPO3,
ASPO4,
ASPO5,
ASPO6,-0.9993060281239321
ASPT,0.8886996537280081
ASPTA,0.39619365601201056
ASPTRS,
ASPabcpp,
ASPt2_2pp,
ASPt2_3pp,
ASPt2pp,
ASPt2rpp,
ASPtex,
ASR,
AST,-0.05802588531856591
ATHRDHr,
ATPHs,
ATPM,0.0
ATPPRT,-0.999306028123934
ATPS4rpp,-0.9385105238604332
BALAt2pp,
BALAtex,
BETALDHx,
BETALDHy,
BMOCOS,-0.9993060281239339
BMOGDS1,-0.9993060281239339
BMOGDS2,-0.9993060281239339
BPNT,-0.9993060686108671
BSORx,
BSORy,
BTNt2ipp,
BTNtex,
BTS5,-0.9329611737886389
BUTCT,
BUTSO3abcpp,
BUTSO3tex,
BUTt2rpp,
BUTtex,
BWCOGDS1,
BWCOGDS2,
BWCOS,
CA2t3pp,0.9993060281239341
CA2tex,0.0
CADVtpp,
CAT,
CAt6pp,
CBIAT,
CBItonex,
CBIuabcpp,
CBL1abcpp,
CBL1tonex,
CBLAT,
CBMD,
CBMKr,-0.5798460818907112
CBPS,
CCGS,
CD2abcpp,
CD2t3pp,
CD2tex,
CD2tpp,
CDAPPA120,
CDAPPA140,
CDAPPA141,
CDAPPA160,-0.13058155340847802
CDAPPA161,-0.21354184424545053
CDAPPA180,
CDAPPA181,
CDGR,
CDGS,
CDPMEK,-0.9993060281239314
CFAS160E,
CFAS160G,
CFAS180E,
CFAS180G,
CGLYabcpp,
CGLYtex,
CHLabcpp,
CHLt2pp,
CHLtex,
CHOLD,
CHORM,-0.999306028123934
CHORS,0.9999961812910172
CHRPL,-0.9993060281239308
CHTBSptspp,
CHTBStex,
CINNDO,
CITL,0.058025885318565895
CITt3pp,
CITt7pp,
CITtex,
CLIPAabctex,
CLPNH120pp,
CLPNH140pp,
CLPNH141pp,
CLPNH160pp,
CLPNH161pp,
CLPNH180pp,
CLPNH181pp,
CLPNS120pp,
CLPNS140pp,
CLPNS141pp,
CLPNS160pp,
CLPNS161pp,
CLPNS180pp,
CLPNS181pp,
CLt3_2pp,-0.999306028123934
CLtex,0.0
CMPN,
CMPtex,
CMtex,
CMtpp,
CO2tex,
CO2tpp,
COBALT2abcpp,-0.46139444721940465
COBALT2t3pp,
COBALT2tex,0.0
COBALT2tpp,-0.9811222953043445
COLIPAKpp,
COLIPAPabctex,
COLIPAabcpp,
COLIPAabctex,
CPGNR1,
CPGNR2,
CPGNR3,
CPGNUtex,
CPGNUtpp,
CPGNabcpp,
CPGNexs,
CPGNtonex,
CPH4S,
CPMPS,-0.9993060281239339
CPPPGO,-0.999306028123934
CPPPGO2,
CRNBTCT,
CRNCAL2,
CRNCAR,
CRNCBCT,
CRNCDH,
CRNDCAL2,
CRNDabcpp,
CRNDt2rpp,
CRNDtex,
CRNabcpp,
CRNt2rpp,
CRNt7pp,
CRNt8pp,
CRNtex,
CS,-0.9748236689673229
CSND,
CSNt2pp,
CSNtex,
CTBTCAL2,
CTBTabcpp,
CTBTt2rpp,
CTECOAI6,
CTECOAI7,
CTECOAI8,
CTPS2,-0.9992361467882926
CU1Opp,
CU1abcpp,
CU2abcpp,-0.4613944472194048
CU2tex,0.0
CU2tpp,-0.9811222953043446
CUt3,
CUtex,
CYANST,
CYANSTpp,
CYANtex,
CYNTAH,
CYNTt2pp,
CYNTtex,
CYSDDS,
CYSDS,-0.47873928081714473
CYSDabcpp,
CYSDtex,
CYSS,-0.9822465300795308
CYSSADS,
CYSTL,-0.9993060607282744
CYSTRS,
CYSabc2pp,
CYSabcpp,
CYStex,
CYStpp,
CYTBD2pp,
CYTBDpp,
CYTBO3_4pp,-0.9883156616636448
CYTD,
CYTDH,
CYTDK2,
CYTDt2pp,
CYTDt2rpp,
CYTDtex,
CYTK1,0.05802588531856592
CYTK2,
D_DASH_LACt2pp,
D_DASH_LACtex,
DAAD,-0.17407765595569785
DADA,
DADK,
DADNt2pp,
DADNtex,
DAGK120,
DAGK140,
DAGK141,
DAGK160,
DAGK161,
DAGK180,
DAGK181,
DALAt2pp,-0.9617394950874251
DALAtex,
DAMPtex,
DAPAL,
DAPDC,-0.9812163860715346
DAPE,
DAPabcpp,
DAPtex,
DASYN120,
DASYN140,
DASYN141,
DASYN160,-0.8832173850791427
DASYN161,-0.883217385079143
DASYN180,
DASYN181,
DATPHs,
DB4PS,-0.9993060281239127
DBTS,-0.9329611737886389
DC6PH,
DCAtex,
DCMPtex,
DCTPD,-0.4613944472194047
DCYTD,
DCYTt2pp,
DCYTtex,
DDCAtexi,
DDGALK,
DDGLCNt2rpp,
DDGLCNtex,
DDGLK,
DDPA,0.9999961812910172
DDPGALA,
DGK1,
DGMPtex,
DGSNt2pp,
DGSNtex,
DHACOAH,
DHAD1,-0.9993060281239338
DHAD2,-0.999306028123934
DHAPT,-0.6752313602699218
DHAtex,
DHAtpp,
DHBD,
DHBS,
DHBSH,
DHCIND,
DHCINDO,
DHDPRy,-0.9837436770539052
DHDPS,-0.9837436770539052
DHFR,
DHFS,-0.9993060281239348
DHMPTR,
DHNAOT4,
DHNCOAS,
DHNCOAT,
DHNPA2r,
DHNPTE,
DHORD2,-0.9993060281239339
DHORD5,
DHORDfum,
DHORTS,
DHPPD,
DHPPDA2,-0.9993060281239127
DHPS2,-0.9993060281239348
DHPTDCs2,-0.9993160363194484
DHPTDNR,
DHPTDNRN,
DHPTPE,
DHQS,0.9999961812910172
DHQTi,0.9999961812910172
DIMPtex,
DINSt2pp,
DINStex,
DKGLCNR1,
DKGLCNR2x,
DKGLCNR2y,
DMATT,-0.9993060281239312
DMPPS,-0.9993060281239312
DMQMT,
DMSOR1,
DMSOR1pp,
DMSOR2,
DMSOR2pp,
DMSOtex,
DMSOtpp,
DMStex,
DNMPPA,-0.9993060281239348
DNTPPA,-0.9993060281239348
DOGULNR,
DOPAtex,
DOXRBCNtex,
DOXRBCNtpp,
DPCOAK,-0.9993060281239301
DPR,-0.9993060281239301
DRPA,
DSBAO1,
DSBAO2,
DSBCGT,
DSBDR,
DSBGGT,
DSERDHr,
DSERt2pp,
DSERtex,
DTARTD,
DTMPK,0.17407765595569788
DTMPtex,
DUMPtex,
DURADx,
DURIK1,
DURIPP,
DURIt2pp,
DURItex,
DUTPDP,-0.9993060281239339
DXPRIi,-0.9993060281239314
DXPS,-0.9993060281239319
DXYLK,
E4PD,-0.37038119276321807
EAR100x,
EAR100y,
EAR120x,
EAR120y,
EAR121x,
EAR121y,
EAR140x,
EAR140y,
EAR141x,
EAR141y,
EAR160x,
EAR160y,
EAR161x,
EAR161y,
EAR180x,
EAR180y,
EAR181x,
EAR181y,
EAR40x,
EAR40y,
EAR60x,
EAR60y,
EAR80x,
EAR80y,
ECA4COLIPAabctex,
ECA4OALpp,
ECAP1pp,
ECAP2pp,
ECAP3pp,
ECAtpp,
ECOAH1,0.0
ECOAH2,0.0
ECOAH3,0.0
ECOAH4,0.0
ECOAH5,0.0
ECOAH6,
ECOAH7,
ECOAH8,
EDA,
EDD,
EDTXS1,
EDTXS2,
EDTXS3,
EDTXS4,
EGMEACPR,-0.9329611737886389
ENLIPAabctex,
ENO,-0.9997591673580049
ENTCS,
ENTERES,
ENTERES2,
EPMEACPR,-0.9329611737886389
ETHAAL,-0.4613944472194048
ETHAt2pp,
ETHAtex,
ETHSO3abcpp,
ETHSO3tex,
ETOHtex,
ETOHtrpp,
F6PA,
F6PP,
F6Pt6_2pp,
F6Ptex,
FA100ACPHi,
FA120ACPHi,
FA140ACPHi,
FA141ACPHi,
FA160ACPHi,
FA161ACPHi,
FA80ACPHi,
FACOAE100,
FACOAE120,-0.999306028123934
FACOAE140,
FACOAE141,
FACOAE160,-0.9974082581146326
FACOAE161,-0.9993540173119781
FACOAE180,
FACOAE181,
FACOAE60,
FACOAE80,
FACOAL100t2pp,
FACOAL120t2pp,
FACOAL140t2pp,
FACOAL141t2pp,
FACOAL160t2pp,-0.46139444721940476
FACOAL161t2pp,-0.46139444721940476
FACOAL180t2pp,
FACOAL181t2pp,
FACOAL60t2pp,
FACOAL80t2pp,
FADRx,-0.9991850765441118
FADRx2,
FALDH2,
FALDtex,
FALDtpp,
FALGTHLs,
FBA,0.0
FBA3,0.0
FBP,-0.20169810423962595
FCI,
FCLK,
FCLPA,
FCLT,-0.999306028123934
FDH4pp,
FDH5pp,
FDMO,
FDMO2,
FDMO3,
FDMO4,
FDMO6,
FE2abcpp,
FE2t2pp,
FE2t3pp,
FE2tex,0.0
FE2tpp,-0.999306028123934
FE3DCITabcpp,
FE3DCITtonex,
FE3DHBZR,
FE3DHBZSabcpp,
FE3DHBZStonex,
FE3HOXR1,
FE3HOXR2,
FE3HOXR3,
FE3HOXUtex,
FE3HOXUtpp,
FE3HOXabcpp,
FE3HOXexs,
FE3HOXtonex,
FE3Ri,
FE3abcpp,
FE3tex,
FECRMR1,
FECRMR2,
FECRMR3,
FECRMUtex,
FECRMUtpp,
FECRMabcpp,
FECRMexs,
FECRMtonex,
FEENTERR1,
FEENTERR2,
FEENTERR3,
FEENTERabcpp,
FEENTERexs,
FEENTERtex,
FEENTERtonex,
FEENTERtpp,
FEOXAMR1,
FEOXAMR2,
FEOXAMR3,
FEOXAMUtex,
FEOXAMUtpp,
FEOXAMabcpp,
FEOXAMexs,
FEOXAMtonex,
FEROpp,
FESD1s,-0.9993060281239339
FESD2s,
FESR,-0.9993060281239339
FFSD,
FHL,
FLDR2,
FLVR,
FLVRx,
FMETTRS,
FMNAT,-0.999306028123914
FMNRx,
FMNRx2,
FOMETRi,
FORCT,
FORt2pp,
FORtex,
FORtppi,
FRD2,
FRD3,
FRUK,
FRULYSDG,
FRULYSE,
FRULYSK,
FRULYSt2pp,
FRULYStex,
FRUURt2rpp,
FRUURtex,
FRUpts2pp,
FRUptspp,
FRUtex,
FTHFD,-0.46674350994252806
FTHFLi,
FUCtex,
FUCtpp,
FUM,-0.46139444721968115
FUMt2_2pp,
FUMt2_3pp,
FUMtex,
FUSAtex,
FUSAtpp,
G1PACT,-0.993528188925591
G1PPpp,
G1PTT,
G1Ptex,
G1SAT,
G2PP,
G2PPpp,
G3PAT120,
G3PAT140,
G3PAT141,
G3PAT160,-0.9898528396458888
G3PAT161,-0.9983810857770911
G3PAT180,
G3PAT181,
G3PCabcpp,
G3PCtex,
G3PD2,
G3PD5,
G3PD6,
G3PD7,
G3PEabcpp,
G3PEtex,
G3PGabcpp,
G3PGtex,
G3PIabcpp,
G3PItex,
G3PSabcpp,
G3PStex,
G3PT,
G5SADs,-0.9310094027609868
G5SD,-0.9310094027609868
G6PDA,
G6PDH2r,
G6PP,
G6Pt6_2pp,
G6Ptex,
GAL1PPpp,
GAL1Ptex,
GALBDtex,
GALCTD,
GALCTLO,
GALCTND,
GALCTNLt2pp,
GALCTNLtex,
GALCTNt2pp,
GALCTNtex,
GALCTt2rpp,
GALCTtex,
GALKr,
GALM2pp,
GALS3,
GALT1,
GALTptspp,
GALTtex,
GALURt2rpp,
GALURtex,
GALUi,
GALabcpp,
GALt2pp,
GALtex,
GAM6Pt6_2pp,
GAMAN6Ptex,
GAMptspp,
GAMtex,
GAPD,-0.6390598986466042
GARFT,0.0
GART,-0.9664717859490998
GBBTNtex,
GCALDD,-0.9993060281239348
GDMANE,
GDPDPK,
GDPMNH,
GDPMNP,
GDPTPDP,
GDPtex,
GF6PTA,-0.9993060281239338
GGGABADr,
GGGABAH,
GGPTRCO,
GGPTRCS,
GHBDHx,
GHMT2r,
GK1,0.0
GLBRAN2,
GLCATr,
GLCDpp,
GLCNt2rpp,
GLCNtex,
GLCP,
GLCP2,
GLCRAL,
GLCRD,
GLCRt2rpp,
GLCRtex,
GLCS1,
GLCTR1,
GLCTR2,
GLCTR3,
GLCUR1Ptex,
GLCURt2rpp,
GLCURtex,
GLCabcpp,
GLCptspp,-0.8632194510126247
GLCt2pp,0.8632194510126245
GLCtex,
GLCtexi,
GLDBRAN2,
GLGC,
GLNS,0.9960507499263961
GLNTRS,
GLNabcpp,
GLNtex,
GLTPD,
GLU5K,-0.9310094027609868
GLUABUTt7pp,
GLUCYS,
GLUDC,
GLUDy,0.18862937675167926
GLUN,
GLUNpp,
GLUPRT,-0.9538720316716183
GLUR,
GLUSy,
GLUTRR,-0.999306028123934
GLUTRS,-0.999306028123934
GLUabcpp,
GLUt2rpp,
GLUt4pp,
GLUtex,
GLXCL,-0.3432425463145932
GLYALDtex,
GLYALDtpp,
GLYAT,
GLYBabcpp,
GLYBt2pp,
GLYBtex,
GLYC2Pabcpp,
GLYC2Ptex,
GLYC3Pabcpp,
GLYC3Pt6pp,
GLYC3Ptex,
GLYCAt2rpp,
GLYCAtex,
GLYCDx,
GLYCK,-0.3432425463145932
GLYCK2,
GLYCL,-0.5760802587673466
GLYCLTDx,
GLYCLTDy,
GLYCLTt2rpp,
GLYCLTt4pp,
GLYCLTtex,
GLYCTO2,-0.9993060281239348
GLYCTO3,
GLYCTO4,
GLYCtex,
GLYCtpp,
GLYK,
GLYOX,
GLYOX3,
GLYTRS,
GLYt2pp,
GLYt2rpp,
GLYt4pp,
GLYtex,
GMAND,
GMHEPAT,
GMHEPK,
GMHEPPA,
GMPR,
GMPS2,-0.9993060281239342
GMPtex,
GND,
GNK,
GOFUCR,
GP4GH,
GPDDA1,
GPDDA1pp,
GPDDA2,-0.4613944472194048
GPDDA2pp,
GPDDA3,
GPDDA3pp,
GPDDA4,
GPDDA4pp,
GPDDA5,
GPDDA5pp,
GRTT,-0.9993060281239312
GRXR,
GSNK,
GSNt2pp,
GSNtex,
GSPMDA,
GSPMDS,
GTHOXtex,
GTHOr,
GTHPi,
GTHRDHpp,
GTHRDabc2pp,
GTHRDabcpp,
GTHRDtex,
GTHS,
GTPCI,-0.9993060281239348
GTPCII2,-0.9993060281239127
GTPDPDP,
GTPDPK,
GTPHs,
GTPtex,
GUACYC,
GUAD,
GUAPRT,
GUAt2pp,
GUAtex,
GUAtpp,
GUI1,
GUI2,
GUR1PPpp,
H2O2tex,
H2Otex,
H2Otpp,
H2SO,
H2St1pp,
H2Stex,
H2tex,
H2tpp,
HACD1,0.38647293134510996
HACD2,0.0
HACD3,0.0
HACD4,0.0
HACD5,0.0
HACD6,0.4613944472194048
HACD7,
HACD8,
HADPCOADH3,
HBZOPT,-0.9993060281239308
HCINNMt2rpp,
HCINNMtex,
HCO3E,0.1740776559556979
HCYSMT,
HCYSMT2,
HDCAtexi,
HDCEAtexi,
HEMEOS,
HEPK1,
HEPK2,
HEPT1,
HEPT2,
HEPT3,
HEPT4,
HETZK,
HEX1,0.8632194510126247
HEX4,
HEX7,
HEXt2rpp,
HG2abcpp,
HG2t3pp,
HG2tex,
HISTD,-0.999306028123934
HISTP,-0.999306028123934
HISTRS,
HISabcpp,
HISt2rpp,
HIStex,
HKNDDH,
HKNTDH,
HMBS,-0.999306028123934
HMPK1,
HOMt2pp,
HOMtex,
HOPNTAL,
HPPK2,-0.9993060281239348
HPPPNDO,
HPPPNt2rpp,
HPPPNtex,
HPYRI,
HPYRRx,
HPYRRy,
HSDy,
HSK,-0.9308275839558575
HSST,-0.9993060607282743
HSTPT,-0.999306028123934
HXAND,-0.2364839620963667
HXAtex,
HXCT,
HXPRT,
HYD1pp,
HYD2pp,
HYD3pp,
HYPOE,
HYXNtex,
HYXNtpp,
Htex,-0.2901294265928296
I2FE2SR,-0.9237478311035265
I2FE2SS,-0.9992829510270355
I2FE2SS2,-0.9993140920115198
I2FE2ST,-0.9991879514378572
I4FE4SR,-0.9993140920115198
I4FE4ST,-0.9993140920115197
ICDHyr,0.0
ICHORS,
ICHORSi,
ICHORT,
ICL,-0.17407765595569785
ICYSDS,-0.9993087353170451
IDOND,
IDOND2,
IDONt2rpp,
IDONtex,
IG3PS,-0.999306028123934
IGPDH,-0.999306028123934
IGPS,0.9999999248347818
ILETA,-0.46139444721940465
ILETRS,
ILEabcpp,
ILEt2rpp,
ILEtex,
IMPC,
IMPD,-0.9845999870916656
IMPtex,
INDOLEt2pp,
INDOLEt2rpp,
INDOLEtex,
INOSTt4pp,
INSH,
INSK,
INSTtex,
INSt2pp,
INSt2rpp,
INStex,
IPDDI,
IPDPS,-0.9993060281239317
IPMD,-0.9993060281239339
IPPMIa,
IPPMIb,
IPPS,-0.9993060281239339
ISETACabcpp,
ISETACtex,
K2L4Aabcpp,-0.9993060281239339
K2L4Aabctex,-0.9993060281239339
KARA1,0.9811222953043447
KARA2,
KAS14,
KAS15,
KDOCT2,-0.9993060281239339
KDOPP,-0.9993060281239339
KDOPS,-0.9993060281239339
KG6PDC,
Kabcpp,
Kt2pp,-0.9993060281239341
Kt3pp,
Ktex,
L_DASH_LACD2,
L_DASH_LACD3,
L_DASH_LACt2rpp,
L_DASH_LACtex,
LA4NTpp,
LACZ,
LACZpp,
LADGMDH,-0.5197841376368095
LALADGLUtex,
LALADGLUtpp,
LALALGLUtex,
LALALGLUtpp,
LALDO2x,
LALDO3,
LALGP,-0.5197841376368095
LCADi,
LCARR,
LCARS,
LCTSt3ipp,
LCTStex,
LCTStpp,
LDH_D,-0.5197841376368095
LDH_D2,
LEUTAi,-0.9993060281239339
LEUTRS,
LEUabcpp,
LEUt2rpp,
LEUtex,
LGTHL,
LIPACabcpp,
LIPAHT2ex,
LIPAHTex,
LIPAMPL,
LIPATPT,
LIPAabcpp,
LIPAabctex,
LIPOCT,
LIPOS,
LIPOt2pp,
LIPOtex,
LPADSS,-0.9993060281239339
LPLIPAL1A120pp,
LPLIPAL1A140pp,
LPLIPAL1A141pp,
LPLIPAL1A160pp,
LPLIPAL1A161pp,
LPLIPAL1A180pp,
LPLIPAL1A181pp,
LPLIPAL1E120pp,
LPLIPAL1E140pp,
LPLIPAL1E141pp,
LPLIPAL1E160pp,
LPLIPAL1E161pp,
LPLIPAL1E180pp,
LPLIPAL1E181pp,
LPLIPAL1G120pp,
LPLIPAL1G140pp,
LPLIPAL1G141pp,
LPLIPAL1G160pp,
LPLIPAL1G161pp,
LPLIPAL1G180pp,
LPLIPAL1G181pp,
LPLIPAL2A120,
LPLIPAL2A140,
LPLIPAL2A141,
LPLIPAL2A160,
LPLIPAL2A161,
LPLIPAL2A180,
LPLIPAL2A181,
LPLIPAL2ATE120,
LPLIPAL2ATE140,
LPLIPAL2ATE141,
LPLIPAL2ATE160,
LPLIPAL2ATE161,
LPLIPAL2ATE180,
LPLIPAL2ATE181,
LPLIPAL2ATG120,
LPLIPAL2ATG140,
LPLIPAL2ATG141,
LPLIPAL2ATG160,
LPLIPAL2ATG161,
LPLIPAL2ATG180,
LPLIPAL2ATG181,
LPLIPAL2E120,
LPLIPAL2E140,
LPLIPAL2E141,
LPLIPAL2E160,-0.46139444721940476
LPLIPAL2E161,-0.46139444721940476
LPLIPAL2E180,
LPLIPAL2E181,
LPLIPAL2G120,
LPLIPAL2G140,
LPLIPAL2G141,
LPLIPAL2G160,
LPLIPAL2G161,
LPLIPAL2G180,
LPLIPAL2G181,
LSERDHr,
LYSDC,
LYSTRS,
LYSabcpp,
LYSt2pp,
LYSt3pp,-0.45779862143775174
LYStex,
LYXI,
LYXt2pp,
LYXtex,
M1PD,
MACPD,-0.26340277622595754
MALCOAMT,-0.9329611737886389
MALDDH,
MALDt2_2pp,
MALDtex,
MALS,-0.7259080428344145
MALTATr,
MALTHXabcpp,
MALTHXtexi,
MALTPTabcpp,
MALTPTtexi,
MALTTRabcpp,
MALTTRtexi,
MALTTTRabcpp,
MALTTTRtexi,
MALTabcpp,
MALTptspp,
MALTtexi,
MALt2_2pp,
MALt2_3pp,
MALt3pp,
MALtex,
MAN1PT2,
MAN6PI,
MAN6Pt6_2pp,
MAN6Ptex,
MANAO,
MANGLYCptspp,
MANGLYCtex,
MANPGH,
MANptspp,
MANtex,
MCITD,
MCITL2,
MCITS,
MCOATA,0.0
MCPST,
MCTP1App,-0.9811556637688819
MCTP1Bpp,
MCTP2App,
MDDCP1pp,
MDDCP2pp,
MDDCP3pp,
MDDCP4pp,-0.17407765595569788
MDDCP5pp,
MDDEP1pp,
MDDEP2pp,-0.46139444721940487
MDDEP3pp,-0.17407765595569788
MDDEP4pp,
MDH,-0.5343016761757587
MDH2,
MDH3,
ME1,
ME2,-0.4620329469620389
MECDPDH5,-0.9993060281239314
MECDPS,-0.9993060281239314
MELIBt2pp,
MELIBt3ipp,
MELIBtex,
MEOHtex,0.8528028654224418
MEOHtrpp,0.8528028654224418
MEPCT,-0.9993060281239314
METAT,-0.9993201201653782
METDabcpp,
METDtex,
METOX1s,
METOX2s,
METS,-0.9993060931232193
METSOX1abcpp,
METSOX1tex,
METSOX2abcpp,
METSOX2tex,
METSOXR1,
METSOXR2,
METTRS,
METabcpp,
METtex,
MG2t3_2pp,0.0
MG2tex,0.0
MG2tpp,
MG2uabcpp,
MGSA,
MI1PP,
MICITDr,
MINCYCtex,
MINCYCtpp,
MINOHPtexi,
MLDCP1App,-0.46139444721940487
MLDCP1Bpp,
MLDCP2App,
MLDCP2Bpp,
MLDCP3App,
MLDEP1pp,
MLDEP2pp,
MLTG1,
MLTG2,
MLTG3,
MLTG4,
MLTG5,
MLTGY1pp,-0.17407765595569788
MLTGY2pp,-0.46139444721940487
MLTGY3pp,
MLTGY4pp,
MLTP1,
MLTP2,
MLTP3,
MMCD,
MMETt2pp,
MMETtex,
MMM,
MN2t3pp,
MN2tpp,-0.999306028123934
MN6PP,
MNLptspp,
MNLtex,
MNNH,
MNt2pp,
MNtex,0.0
MOADSUx,-0.9993060281239339
MOAT,-0.9993060281239339
MOAT2,-0.9993060281239339
MOAT3C,
MOBDabcpp,-0.9993060281239339
MOBDtex,0.0
MOCDS,
MOCOS,-0.9993060281239339
MOGDS,
MOHMT,-0.999306028123927
MOX,
MPTAT,-0.9993060281239339
MPTG,-0.9811556637688819
MPTG2,
MPTS,-0.9993060281239339
MPTSS,-0.9993060281239339
MSAR,
MSO3abcpp,
MSO3tex,
MTAN,
MTHFC,0.4613944472194062
MTHFD,
MTHFR2,-0.9993060931232193
MTHTHFSs,-0.9993160363194484
MTRPOX,
N2Otex,
N2Otpp,
NACODA,
NACtex,
NACtpp,
NADDP,
NADH10,
NADH16pp,-0.9900041933114474
NADH17pp,
NADH18pp,
NADH5,
NADH9,
NADK,-0.9617394950874951
NADN,
NADPHQR2,
NADPHQR3,
NADPHQR4,
NADPPPS,-0.45314416163324867
NADS1,-0.9993060281239321
NADTRHD,
NAMNPP,
NAt3_1p5pp,
NAt3_2pp,
NAt3pp,
NAtex,
NDPK1,0.0
NDPK2,0.17407765595569782
NDPK3,0.0
NDPK4,
NDPK5,
NDPK6,
NDPK7,
NDPK8,
NH4tex,
NH4tpp,
NHFRBO,
NI2abcpp,-0.4531441616335512
NI2t3pp,
NI2tex,0.0
NI2tpp,-0.9617394950874252
NI2uabcpp,
NMNAT,
NMNDA,
NMNN,
NMNPtpp,
NMNt7pp,
NMNtex,
NNAM,
NNATr,
NNDMBRT,
NNDPR,-0.9993060281239321
NO2t2rpp,
NO2tex,
NO3R1bpp,
NO3R1pp,
NO3R2bpp,
NO3R2pp,
NO3t7pp,
NO3tex,
NODOx,
NODOy,
NOVBCNtex,
NOVBCNtpp,
NOtex,
NOtpp,
NTD1,
NTD10,-0.4533650002963015
NTD10pp,
NTD11,
NTD11pp,
NTD12,
NTD12pp,
NTD1pp,
NTD2,
NTD2pp,
NTD3,
NTD3pp,
NTD4,
NTD4pp,
NTD5,
NTD5pp,
NTD6,
NTD6pp,
NTD7,
NTD7pp,
NTD8,
NTD8pp,
NTD9,
NTD9pp,
NTP1,
NTP10,
NTP11,
NTP12,
NTP3,
NTP3pp,
NTP5,
NTPP1,
NTPP10,
NTPP11,
NTPP2,-0.4613944472194043
NTPP3,
NTPP4,-0.45314416163356946
NTPP5,
NTPP6,
NTPP7,-0.46139444721940487
NTPP8,-0.4613944472194047
NTPP9,
NTPTP1,
NTPTP2,
NTRIR2x,
NTRIR3pp,
NTRIR4pp,
O16A4COLIPAabctex,
O16A4Lpp,
O16AP1pp,
O16AP2pp,
O16AP3pp,
O16AT,
O16AUNDtpp,
O16GALFT,
O16GLCT1,
O16GLCT2,
O2Stex,
O2tex,-0.26781585354062076
O2tpp,-0.26781585354062076
OAADC,
OBTFL,
OCBT,-0.89185863049226
OCDCAtexi,
OCDCEAtexi,
OCTAtex,
OCTDPS,-0.9993060281239308
OCTNLL,
OGMEACPD,-0.9329611737886389
OGMEACPR,-0.9329611737886389
OGMEACPS,-0.9329611737886389
OHPBAT,
OHPHM,
OMBZLM,
OMCDC,-0.9993060281239339
OMMBLHX,
OMMBLHX3,
OMPDC,-0.9993060281239339
OMPHHX,
OMPHHX3,
OP4ENH,
OPHBDC,-0.9993060281239308
OPHHX,-0.5222329678670935
OPHHX3,-0.4964970745877465
OPMEACPD,-0.9329611737886389
OPMEACPR,-0.9329611737886389
OPMEACPS,-0.9329611737886389
ORNDC,
ORNabcpp,
ORNtex,
OROTt2_2pp,
OROTtex,
ORPT,
OXAMTC,
OXCDC,
OXCOAHDH,
OXDHCOAT,
P5CD,-0.38647293134510996
P5CR,-0.9993060281239339
PA120abcpp,
PA140abcpp,
PA141abcpp,
PA160abcpp,
PA161abcpp,
PA180abcpp,
PA181abcpp,
PACALDt2rpp,
PACALDtex,
PACCOAE,
PACCOAL,
PANTS,-0.9993060281239301
PAPA120,
PAPA120pp,
PAPA140,
PAPA140pp,
PAPA141,
PAPA141pp,
PAPA160,
PAPA160pp,
PAPA161,
PAPA161pp,
PAPA180,
PAPA180pp,
PAPA181,
PAPA181pp,
PAPPT3,-0.9811556637688819
PAPSR,-0.9993060686108671
PAPSR2,
PDE1,
PDE4,
PDH,-0.9994403657142337
PDX5PO2,-0.999306028123934
PDX5POi,
PDX5PS,-0.999306028123934
PDXPP,
PE120abcpp,
PE140abcpp,
PE141abcpp,
PE160abcpp,-0.9811222953043444
PE161abcpp,-0.9811222953043445
PE180abcpp,
PE181abcpp,
PEAMNOpp,
PEAMNtex,
PERD,
PETNT161pp,
PETNT181pp,
PFK,-0.9686093160675529
PFK_2,
PFK_3,0.0
PFL,
PG120abcpp,
PG140abcpp,
PG141abcpp,
PG160abcpp,
PG161abcpp,
PG180abcpp,
PG181abcpp,
PGAMT,
PGCD,-0.9957549681099019
PGI,-0.024618298195866528
PGK,
PGL,
PGLYCP,
PGM,
PGMT,
PGP120abcpp,
PGP140abcpp,
PGP141abcpp,
PGP160abcpp,
PGP161abcpp,
PGP180abcpp,
PGP181abcpp,
PGPP120,
PGPP120pp,
PGPP140,
PGPP140pp,
PGPP141,
PGPP141pp,
PGPP160,
PGPP160pp,
PGPP161,
PGPP161pp,
PGPP180,
PGPP180pp,
PGPP181,
PGPP181pp,
PGSA120,
PGSA140,
PGSA141,
PGSA160,
PGSA161,
PGSA180,
PGSA181,
PHEMEabcpp,
PHEMEtiex,
PHETA1,
PHETRS,
PHEt2rpp,
PHEtex,
PHYTSpp,
PIt2rpp,-0.06997040115243586
PItex,0.0
PIuabcpp,
PLIPA1A120pp,
PLIPA1A140pp,
PLIPA1A141pp,
PLIPA1A160pp,
PLIPA1A161pp,
PLIPA1A180pp,
PLIPA1A181pp,
PLIPA1E120pp,
PLIPA1E140pp,
PLIPA1E141pp,
PLIPA1E160pp,-0.46139444721940476
PLIPA1E161pp,-0.46139444721940476
PLIPA1E180pp,
PLIPA1E181pp,
PLIPA1G120pp,
PLIPA1G140pp,
PLIPA1G141pp,
PLIPA1G160pp,
PLIPA1G161pp,
PLIPA1G180pp,
PLIPA1G181pp,
PLIPA2A120pp,
PLIPA2A140pp,
PLIPA2A141pp,
PLIPA2A160pp,
PLIPA2A161pp,
PLIPA2A180pp,
PLIPA2A181pp,
PLIPA2E120pp,
PLIPA2E140pp,
PLIPA2E141pp,
PLIPA2E160pp,
PLIPA2E161pp,
PLIPA2E180pp,
PLIPA2E181pp,
PLIPA2G120pp,
PLIPA2G140pp,
PLIPA2G141pp,
PLIPA2G160pp,
PLIPA2G161pp,
PLIPA2G180pp,
PLIPA2G181pp,
PMANM,
PMDPHT,-0.9993060281239127
PMEACPE,-0.9329611737886389
PMPK,-0.9811222953043445
PNTK,-0.9993060281239301
PNTOt4pp,
PNTOtex,
POAACR,
POR5,0.45314416163355137
POX,
PPA,-0.5169762130033879
PPA2,
PPAKr,
PPALtex,
PPALtpp,
PPAt4pp,
PPAtex,
PPBNGS,-0.999306028123934
PPC,-0.9667431606549562
PPCDC,-0.9993060281239301
PPCK,-0.39940164889212076
PPCSCT,
PPGPPDP,
PPK2r,
PPKr,
PPM,
PPM2,
PPNCL2,-0.9993060281239301
PPND,-0.9993060281239341
PPNDH,-0.999306028123934
PPPGO,
PPPGO3,-0.999306028123934
PPPNDO,
PPPNt2rpp,
PPPNtex,
PPS,0.28469188398170164
PPTHpp,
PPTtex,
PRAGSr,-0.5641160594899606
PRAIS,-0.9538720316716183
PRAIi,0.9999999248347818
PRAMPC,-0.999306028123934
PRASCSi,-0.9538331633299645
PRATPP,-0.999306028123934
PRFGS,-0.9538720316716183
PRMICI,0.0
PROD2,
PROGLYabcpp,
PROGLYtex,
PROTRS,
PROabcpp,
PROt2rpp,
PROt4pp,0.0
PROtex,
PRPPS,0.9996081814816234
PSCLYSt2pp,
PSCLYStex,
PSCVT,0.9999961812910172
PSD120,
PSD140,
PSD141,
PSD160,-0.9898528396458888
PSD161,-0.9983810857770911
PSD180,
PSD181,
PSERT,-0.9957549681099019
PSERtex,
PSP_L,-0.9957549681099019
PSP_Lpp,
PSSA120,
PSSA140,
PSSA141,
PSSA160,-0.9898528396458888
PSSA161,-0.9983810857770911
PSSA180,
PSSA181,
PTA2,
PTAr,
PTHRpp,
PTPATi,-0.9993060281239301
PTRCORNt7pp,
PTRCTA,-0.3877113533158151
PTRCabcpp,
PTRCt2pp,
PTRCtex,
PUNP1,
PUNP2,
PUNP3,
PUNP4,
PUNP5,
PUNP6,
PUNP7,-0.4533650002963015
PYAM5PO,
PYDAMK,
PYDAMtex,
PYDAMtpp,
PYDXK,
PYDXNK,
PYDXNtex,
PYDXNtpp,
PYDXPP,
PYDXtex,
PYDXtpp,
PYK,
PYNP2r,
PYROX,
PYRt2rpp,
PYRtex,
QMO2,
QMO3,
QUIN2tex,
QUIN2tpp,
QUINDH,
QULNS,-0.9993060281239321
R15BPK,-0.4433507319361651
R1PK,-0.4433507319361651
R5PP,
R5PPpp,
R5Ptex,
RBFK,-0.999306028123914
RBFSa,-0.9993060281239127
RBFSb,-0.9993060281239127
RBK,
RBK_L1,
RBP4E,
REPHACCOAI,
RFAMPtex,
RFAMPtpp,
RHAT1,
RHCCE,-0.9993160363194484
RIBabcpp,
RIBtex,
RMI,
RMK,
RMNtex,
RMNtpp,
RMPA,
RNDR1,
RNDR1b,
RNDR2,
RNDR2b,
RNDR3,
RNDR3b,
RNDR4,
RNDR4b,
RNTR1c2,-0.9993060281239341
RNTR2c2,-0.9993060281239339
RNTR3c2,-0.9811222953043448
RNTR4c2,-0.9574472154113018
RPE,0.0
RPI,
RZ5PP,
S2FE2SR,
S2FE2SS,
S2FE2SS2,
S2FE2ST,
S4FE4SR,
S4FE4ST,
S7PI,
SADH,-0.05802588531856591
SADT2,-0.9993060686108671
SARCOX,
SBTPD,
SBTptspp,
SBTtex,
SCYSDS,
SDPDS,-0.9837436770539052
SDPTA,
SELCYSS,
SELGTHR,
SELGTHR2,
SELGTHR3,
SELNPS,
SELR,
SELtex,
SELtpp,
SEPHCHCS,
SERASr,
SERAT,
SERD_D,
SERD_L,
SERTRS,
SERTRS2,
SERt2rpp,
SERt4pp,
SERtex,
SFGTHi,
SGDS,-0.05802588531856591
SGSAD,-0.05802588531856591
SHCHCS3,
SHCHD2,-0.999306028123934
SHCHF,-0.999306028123934
SHK3Dr,0.9999961812910172
SHKK,0.9999961812910172
SHSL1,-0.9993060607282744
SKMt2pp,
SKMtex,
SLNTtex,
SLNTtpp,
SO2tex,
SO2tpp,
SO3tex,
SO4t2pp,-0.9993060679147585
SO4tex,
SOTA,-0.05802588531856591
SPMDAT1,
SPMDAT2,
SPMDabcpp,
SPMDt3pp,
SPMDtex,
SPMS,
SPODM,
SPODMpp,
SSALx,
SSALy,-0.3877113533158151
SUCASPtpp,
SUCBZL,
SUCBZS,
SUCCt2_2pp,
SUCCt2_3pp,
SUCCt3pp,
SUCCtex,
SUCDi,-0.9419678195184737
SUCFUMtpp,
SUCMALtpp,
SUCOAS,
SUCRtex,
SUCTARTtpp,
SUCptspp,
SULFACabcpp,
SULFACtex,
SULRi,-0.9993060686108671
SULabcpp,
T2DECAI,
TAGURr,
TALA,0.9993060535544167
TARTD,
TARTRDtex,
TARTRt7pp,
TARTRtex,
TARTt2_3pp,
TAUDO,
TAURabcpp,
TAURtex,
TCYNTtex,
TDP,-0.45314416163355115
TDPADGAT,
TDPAGTA,
TDPDRE,
TDPDRR,
TDPGDH,
TDSK,-0.9993060281239339
TDSR1,
TDSR2,
TGBPA,
THD2pp,0.8908610778529299
THDPS,-0.9837436770539052
THFAT,
THIORDXi,
THMDt2pp,
THMDt2rpp,
THMDtex,
THMabcpp,
THMtex,
THRA2i,
THRAi,-0.08629499935681517
THRD,-0.5256360733844603
THRD_L,-0.999306028123934
THRPtex,
THRS,-0.9308275839558575
THRTRS,
THRabcpp,
THRt2pp,
THRt2rpp,
THRt4pp,
THRtex,
THYMt3pp,
THYMtex,
THZPSN3,-0.9993060281239338
TKT1,0.9993060535544168
TKT2,0.34815531191139576
TMAOR1,
TMAOR1pp,
TMAOR2,
TMAOR2pp,
TMAOtex,
TMAtex,
TMDK1,
TMDPP,
TMDS,-0.9993060281239339
TMK,
TMPK,-0.9617394950874252
TMPPP,-0.999306028123934
TPI,0.0
TPRDCOAS,
TRDR,-0.9993060686108671
TRE6PH,
TRE6PP,
TRE6PS,
TREH,
TREHpp,
TREptspp,
TREtex,
TRPAS2,-0.46139444721940476
TRPS1,
TRPS2,
TRPS3,0.9999999248347818
TRPTRS,
TRPt2rpp,
TRPtex,
TRSARr,-0.3432425463145932
TSULabcpp,
TSULtex,
TTDCAtexi,
TTDCEAtexi,
TTRCYCtex,
TTRCYCtpp,
TUNGSabcpp,
TUNGStex,
TYMtex,
TYRL,-0.999306028123934
TYROXDApp,
TYRPpp,
TYRPtex,
TYRTA,
TYRTRS,
TYRt2rpp,
TYRtex,
ThDPAT,
U23GAAT,-0.9993060281239339
UAAGDS,-0.9811556637688819
UACGALPpp,
UACGAMPpp,
UACGAMtex,
UACMAMO,
UAG2E,
UAGAAT,0.0
UAGCVT,-0.9811556637688819
UAGDP,-0.993528188925591
UAGPT3,-0.9811556637688819
UAMAGS,-0.9811556637688819
UAMAS,-0.9811556637688819
UAPGR,-0.9811556637688819
UDCPDP,-0.9811556637688819
UDCPDPS,-0.9993060281239348
UDCPDPpp,
UDCPPtppi,
UDPACGALtex,
UDPG4E,
UDPGALM,
UDPGALPpp,
UDPGALtex,
UDPGD,
UDPGDC,
UDPGLCURtex,
UDPGPpp,
UDPGtex,
UDPKAAT,
UGLCURPpp,
UGLT,
UGLYCH,-0.3266228000671924
UGMDDS,-0.9811556637688819
UHGADA,-0.9993060281239339
ULA4NFT,
ULA4Ntppi,
UM3PL,
UM4PCP,
UM4PL,
UMPK,0.0
UMPtex,
UPLA4FNF,
UPLA4FNT,
UPP3MT,-0.999306028123934
UPP3S,-0.999306028123934
UPPDC1,-0.999306028123934
UPPRT,
URACPAH,
URAt2pp,
URAt2rpp,
URAtex,
URDGLYCD,
UREAtex,
UREAtpp,
URIC,-0.33895138660317914
URIH,
URIK2,
URIt2pp,
URIt2rpp,
URItex,
USHD,-0.999306028123934
VALTA,
VALTRS,
VALabcpp,
VALt2rpp,
VALtex,
VPAMTr,
WCOS,
X5PL3E,
XAND,-0.33895138660317914
XANt2pp,
XANtex,
XANtpp,
XMPtex,
XPPT,
XTSNH,
XTSNt2rpp,
XTSNtex,
XYLI1,
XYLI2,
XYLK,
XYLK2,
XYLUt2pp,
XYLUtex,
XYLabcpp,
XYLt2pp,
XYLtex,
ZN2abcpp,-0.4531441616335512
ZN2t3pp,
ZN2tpp,-0.9617394950874251
ZNabcpp,
Zn2tex,0.0
12PPDRtex_reverse,
12PPDRtpp_reverse,
12PPDStex_reverse,
12PPDStpp_reverse,
23CAMPtex_reverse,
23CCMPtex_reverse,
23CGMPtex_reverse,
23CUMPtex_reverse,
23DAPPAtex_reverse,
26DAHtex_reverse,
34dhpactex_reverse,
3AMPtex_reverse,
3CMPtex_reverse,
3GMPtex_reverse,
3HPPtex_reverse,
3OAR100_reverse,
3OAR120_reverse,
3OAR140_reverse,0.9993060281239339
3OAR160_reverse,
3OAR180_reverse,
3OAR40_reverse,
3OAR60_reverse,
3OAR80_reverse,
3PEPTtex_reverse,
3UMPtex_reverse,
4HOXPACDtex_reverse,
4PEPTtex_reverse,
5DGLCNR_reverse,
5DGLCNt2rpp_reverse,
5DGLCNtex_reverse,
5MTRtex_reverse,
A5PISO_reverse,0.10250085677507731
ABUTtex_reverse,
ACACT1r_reverse,0.9993060281239341
ACACT2r_reverse,
ACACT3r_reverse,
ACACT4r_reverse,
ACACT5r_reverse,
ACACT6r_reverse,0.9993060281239339
ACACT7r_reverse,0.9811222953043445
ACACT8r_reverse,
ACACt2pp_reverse,
ACACtex_reverse,
ACALD_reverse,0.5851760789603994
ACALDtex_reverse,
ACALDtpp_reverse,
ACGAL1Ptex_reverse,
ACGALtex_reverse,
ACGAM1Ptex_reverse,
ACGAtex_reverse,
ACKr_reverse,
ACMANAtex_reverse,
ACNAMtex_reverse,
ACOAD1f_reverse,-0.9993060281239339
ACOAD2f_reverse,-0.9993060281239339
ACOAD3f_reverse,-0.9993060281239339
ACOAD4f_reverse,-0.9993060281239339
ACOAD5f_reverse,0.0
ACOAD6f_reverse,-0.9993060281239339
ACOAD7f_reverse,-0.9993060281239338
ACOAD8f_reverse,
ACOATA_reverse,-0.26340277622595754
ACONIs_reverse,
ACONTa_reverse,0.9025265756830213
ACONTb_reverse,0.9843155986244752
ACOTA_reverse,-0.9434588053042523
ACSERtex_reverse,
ACt2rpp_reverse,
ACtex_reverse,
ADEt2rpp_reverse,-0.4606486437419671
ADEtex_reverse,-0.4606486437419671
ADK1_reverse,
ADK3_reverse,
ADK4_reverse,
ADNt2rpp_reverse,
ADNtex_reverse,
ADSL1r_reverse,0.9310093464518959
ADSL2r_reverse,0.9538332797476319
AGMtex_reverse,
AGPR_reverse,-0.05802588531856591
AICART_reverse,0.5641160711373036
AIRC3_reverse,-0.9538331633299645
AKGt2rpp_reverse,
AKGtex_reverse,
ALAALAr_reverse,0.961739495087425
ALAALAtex_reverse,
ALAGLUE_reverse,
ALAR_reverse,0.9543725300354263
ALATA_L_reverse,-0.5214830234264439
ALAt2rpp_reverse,
ALAtex_reverse,
ALCD19_reverse,
ALCD2x_reverse,
ALDD19xr_reverse,
ALLPI_reverse,
ALLTNt2rpp_reverse,-0.17407765595569782
ALLTNtex_reverse,-0.17407765595569782
ALLULPE_reverse,
ALLtex_reverse,
AMANAPEr_reverse,
AMAOTr_reverse,0.9045336753389093
AMPtex_reverse,
ANHGMtex_reverse,
APPLDHr_reverse,
ARAI_reverse,
ARBt2rpp_reverse,
ARBtex_reverse,
ARGAGMt7pp_reverse,
ARGORNt7pp_reverse,
ARGSL_reverse,0.9434588053042523
ARGtex_reverse,-0.4273222982048366
ASAD_reverse,-0.3351910962865731
ASCBtex_reverse,
ASNt2rpp_reverse,
ASNtex_reverse,
ASO3tex_reverse,
ASPK_reverse,0.9793724490121861
ASPTA_reverse,-0.49072368905977704
ASPt2rpp_reverse,
ASPtex_reverse,
ATHRDHr_reverse,
ATPS4rpp_reverse,-0.1835080946899327
BALAtex_reverse,
BTNtex_reverse,
BUTSO3tex_reverse,
BUTt2rpp_reverse,
BUTtex_reverse,
CA2tex_reverse,0.9993060281239341
CAt6pp_reverse,0.0
CBIAT_reverse,
CBLAT_reverse,
CBMKr_reverse,0.4348542308117096
CD2tex_reverse,
CGLYtex_reverse,
CHLtex_reverse,
CHTBStex_reverse,
CITtex_reverse,
CLPNS120pp_reverse,
CLPNS140pp_reverse,
CLPNS141pp_reverse,
CLPNS160pp_reverse,
CLPNS161pp_reverse,
CLPNS180pp_reverse,
CLPNS181pp_reverse,
CLtex_reverse,0.9993060281239341
CMPtex_reverse,
CMtex_reverse,
CO2tex_reverse,-0.9193105528996639
CO2tpp_reverse,-0.9193105528996639
COBALT2tex_reverse,0.999306028123934
CRNBTCT_reverse,
CRNCAR_reverse,
CRNCBCT_reverse,
CRNCDH_reverse,
CRNDt2rpp_reverse,
CRNDtex_reverse,
CRNt2rpp_reverse,
CRNtex_reverse,
CSNtex_reverse,
CTBTt2rpp_reverse,
CTECOAI6_reverse,
CTECOAI7_reverse,-0.9993060281239341
CTECOAI8_reverse,
CU2tex_reverse,0.9993060281239341
CUtex_reverse,
CYANtex_reverse,
CYNTtex_reverse,
CYSDtex_reverse,
CYStex_reverse,
CYTDt2rpp_reverse,
CYTDtex_reverse,
CYTK1_reverse,0.9080668058223045
CYTK2_reverse,
D_DASH_LACt2pp_reverse,
D_DASH_LACtex_reverse,
DADK_reverse,
DADNtex_reverse,
DALAtex_reverse,
DAMPtex_reverse,
DAPE_reverse,0.9837436770539052
DAPtex_reverse,
DCAtex_reverse,
DCMPtex_reverse,
DCYTtex_reverse,
DDGLCNt2rpp_reverse,
DDGLCNtex_reverse,
DDPGALA_reverse,
DGK1_reverse,
DGMPtex_reverse,
DGSNtex_reverse,
DHACOAH_reverse,
DHAtex_reverse,
DHAtpp_reverse,
DHBD_reverse,
DHFR_reverse,0.999306028123934
DHNPA2r_reverse,0.9993060281239347
DHNPTE_reverse,
DHORTS_reverse,-0.9993060281239339
DHPTPE_reverse,
DIMPtex_reverse,
DINStex_reverse,
DMSOtex_reverse,
DMSOtpp_reverse,
DMStex_reverse,
DOPAtex_reverse,
DOXRBCNtex_reverse,
DSERDHr_reverse,
DSERtex_reverse,
DTMPK_reverse,0.9617394950874251
DTMPtex_reverse,
DUMPtex_reverse,
DURADx_reverse,
DURIPP_reverse,
DURItex_reverse,
E4PD_reverse,0.5440136941907547
ECOAH1_reverse,0.9993060281239341
ECOAH2_reverse,0.9993060281239341
ECOAH3_reverse,0.9993060281239341
ECOAH4_reverse,0.9993060281239341
ECOAH5_reverse,0.9993060281239341
ECOAH6_reverse,0.9993060281239339
ECOAH7_reverse,0.9993060281239339
ECOAH8_reverse,
ENO_reverse,
ETHAtex_reverse,
ETHSO3tex_reverse,
ETOHtex_reverse,
ETOHtrpp_reverse,
F6PA_reverse,0.6752313602699218
F6Ptex_reverse,
FALDH2_reverse,
FALDtex_reverse,
FALDtpp_reverse,
FALGTHLs_reverse,
FBA_reverse,0.9841287109770942
FBA3_reverse,
FCI_reverse,
FCLPA_reverse,
FE2tex_reverse,0.999306028123934
FE3tex_reverse,
FORCT_reverse,
FORtex_reverse,
FRULYSDG_reverse,
FRULYSE_reverse,
FRULYStex_reverse,
FRUURt2rpp_reverse,
FRUURtex_reverse,
FRUtex_reverse,
FUCtex_reverse,
FUCtpp_reverse,
FUM_reverse,0.5175772194570746
FUMtex_reverse,
FUSAtex_reverse,
G1Ptex_reverse,
G1SAT_reverse,0.9993060281239338
G3PCtex_reverse,
G3PD2_reverse,-0.9993060281239339
G3PEtex_reverse,
G3PGtex_reverse,
G3PItex_reverse,
G3PStex_reverse,
G6PDH2r_reverse,
G6Ptex_reverse,
GAL1Ptex_reverse,
GALBDtex_reverse,
GALCTNLtex_reverse,
GALCTNtex_reverse,
GALCTt2rpp_reverse,
GALCTtex_reverse,
GALKr_reverse,
GALTtex_reverse,
GALURt2rpp_reverse,
GALURtex_reverse,
GALtex_reverse,
GAMAN6Ptex_reverse,
GAMtex_reverse,
GAPD_reverse,0.35484806738322
GARFT_reverse,0.9536591132207114
GBBTNtex_reverse,
GDPtex_reverse,
GGGABADr_reverse,
GHBDHx_reverse,
GHMT2r_reverse,0.9922901863351283
GK1_reverse,0.9811222953043442
GLCATr_reverse,
GLCNt2rpp_reverse,
GLCNtex_reverse,
GLCRt2rpp_reverse,
GLCRtex_reverse,
GLCUR1Ptex_reverse,
GLCURt2rpp_reverse,
GLCURtex_reverse,
GLCtex_reverse,
GLNtex_reverse,
GLTPD_reverse,
GLUABUTt7pp_reverse,
GLUDy_reverse,-0.6942199146412448
GLUR_reverse,-0.9811556637688819
GLUt2rpp_reverse,
GLUtex_reverse,
GLYALDtex_reverse,
GLYALDtpp_reverse,
GLYAT_reverse,-0.5256360733844603
GLYBtex_reverse,
GLYC2Ptex_reverse,
GLYC3Ptex_reverse,
GLYCAt2rpp_reverse,
GLYCAtex_reverse,
GLYCLTt2rpp_reverse,
GLYCLTtex_reverse,
GLYCtex_reverse,
GLYCtpp_reverse,
GLYt2rpp_reverse,
GLYtex_reverse,
GMPtex_reverse,
GSNtex_reverse,
GTHOXtex_reverse,
GTHOr_reverse,
GTHRDtex_reverse,
GTPtex_reverse,
GUAtex_reverse,
GUAtpp_reverse,
GUI1_reverse,
GUI2_reverse,
H2O2tex_reverse,
H2Otex_reverse,0.9748853246383886
H2Otpp_reverse,0.97436987855749
H2Stex_reverse,
H2tex_reverse,
H2tpp_reverse,
HACD1_reverse,0.9310094027609869
HACD2_reverse,0.9993060281239341
HACD3_reverse,0.9993060281239341
HACD4_reverse,0.9993060281239341
HACD5_reverse,0.9993060281239341
HACD6_reverse,0.9811222953043445
HACD7_reverse,0.9993060281239339
HACD8_reverse,
HADPCOADH3_reverse,
HCINNMt2rpp_reverse,
HCINNMtex_reverse,
HCO3E_reverse,0.954192525915696
HEXt2rpp_reverse,
HG2tex_reverse,
HISt2rpp_reverse,
HIStex_reverse,
HOMtex_reverse,
HPPPNt2rpp_reverse,
HPPPNtex_reverse,
HPYRI_reverse,
HSDy_reverse,-0.9545954371783042
HXAtex_reverse,
HYXNtex_reverse,
HYXNtpp_reverse,
Htex_reverse,-0.9799440010972568
ICDHyr_reverse,0.9849914204888566
ICHORS_reverse,
IDOND_reverse,
IDONt2rpp_reverse,
IDONtex_reverse,
ILETA_reverse,-0.9811222953043446
ILEt2rpp_reverse,
ILEtex_reverse,
IMPC_reverse,-0.9669973692001229
IMPtex_reverse,
INDOLEt2rpp_reverse,
INDOLEtex_reverse,
INSTtex_reverse,
INSt2rpp_reverse,
INStex_reverse,
IPDDI_reverse,
IPPMIa_reverse,-0.9993060281239339
IPPMIb_reverse,-0.9993060281239339
ISETACtex_reverse,
KARA1_reverse,0.46139444721940476
KARA2_reverse,0.999306028123934
Ktex_reverse,0.999306028123934
L_DASH_LACt2rpp_reverse,
L_DASH_LACtex_reverse,
LALADGLUtex_reverse,
LALALGLUtex_reverse,
LCARR_reverse,
LCARS_reverse,
LCTStex_reverse,
LCTStpp_reverse,
LDH_D_reverse,
LEUt2rpp_reverse,
LEUtex_reverse,
LIPOtex_reverse,
LSERDHr_reverse,
LYStex_reverse,-0.45779862143775174
LYXtex_reverse,
M1PD_reverse,
MALDtex_reverse,
MALTATr_reverse,
MALtex_reverse,
MAN6PI_reverse,
MAN6Ptex_reverse,
MANAO_reverse,
MANGLYCtex_reverse,
MANtex_reverse,
MCITL2_reverse,
MCOATA_reverse,0.8831428860074735
MDH_reverse,
MELIBtex_reverse,
MEOHtex_reverse,0.08760179796034655
MEOHtrpp_reverse,0.08760179796034655
METDtex_reverse,
METSOX1tex_reverse,
METSOX2tex_reverse,
METtex_reverse,
MG2t3_2pp_reverse,0.9993060281239338
MG2tex_reverse,0.9993060281239338
MICITDr_reverse,
MINCYCtex_reverse,
MLTP1_reverse,
MLTP2_reverse,
MLTP3_reverse,
MMETtex_reverse,
MNLtex_reverse,
MNtex_reverse,0.999306028123934
MOBDtex_reverse,0.9993060281239341
MOX_reverse,-0.3313031130897018
MSO3tex_reverse,
MTHFC_reverse,0.9608161547706022
MTHFD_reverse,0.9610350081259109
N2Otex_reverse,
N2Otpp_reverse,
NACtex_reverse,
NAtex_reverse,
NDPK1_reverse,
NDPK2_reverse,0.9622262910695986
NDPK3_reverse,0.9216114732066992
NDPK4_reverse,0.9811222953043446
NDPK5_reverse,
NDPK6_reverse,
NDPK7_reverse,
NDPK8_reverse,
NH4tex_reverse,0.9962069704785662
NH4tpp_reverse,0.9962069704785662
NI2tex_reverse,0.9993060281239339
NMNtex_reverse,
NNATr_reverse,0.9993060281239321
NO2t2rpp_reverse,
NO2tex_reverse,
NO3tex_reverse,
NOVBCNtex_reverse,
NOtex_reverse,
NOtpp_reverse,
O2Stex_reverse,
O2tex_reverse,0.9353676306892837
O2tpp_reverse,0.9353676306892837
OCBT_reverse,0.058025885318565874
OCTAtex_reverse,
OHPBAT_reverse,0.9993060281239338
ORNtex_reverse,
OROTtex_reverse,
ORPT_reverse,-0.9993060281239339
PACALDt2rpp_reverse,
PACALDtex_reverse,
PEAMNtex_reverse,
PERD_reverse,0.9993060281239338
PGAMT_reverse,-0.993528188925591
PGK_reverse,-0.9999460391178842
PGM_reverse,-0.9997591673580049
PGMT_reverse,
PHETA1_reverse,-0.999306028123934
PHEt2rpp_reverse,
PHEtex_reverse,
PIt2rpp_reverse,0.7539091424022428
PItex_reverse,0.9993060281239341
PMANM_reverse,
PNTOtex_reverse,
POR5_reverse,0.9617394950874245
PPAKr_reverse,
PPALtex_reverse,
PPALtpp_reverse,
PPAtex_reverse,
PPK2r_reverse,
PPKr_reverse,0.9707660338930783
PPM_reverse,
PPM2_reverse,
PPPNt2rpp_reverse,
PPPNtex_reverse,
PPTtex_reverse,
PRAGSr_reverse,0.5254088076123323
PRMICI_reverse,0.9993060281239338
PROGLYtex_reverse,
PROt2rpp_reverse,0.0
PROtex_reverse,
PRPPS_reverse,
PSCLYStex_reverse,
PSCVT_reverse,
PSERtex_reverse,
PTAr_reverse,-0.5252331271114775
PTRCORNt7pp_reverse,
PTRCtex_reverse,
PUNP1_reverse,-0.8830999709358617
PUNP2_reverse,
PUNP3_reverse,
PUNP4_reverse,
PUNP5_reverse,
PUNP6_reverse,
PUNP7_reverse,
PYDAMtex_reverse,
PYDXNtex_reverse,
PYDXtex_reverse,
PYNP2r_reverse,
PYRt2rpp_reverse,
PYRtex_reverse,
QUIN2tex_reverse,
QUIN2tpp_reverse,
QUINDH_reverse,
R5Ptex_reverse,
RBP4E_reverse,
REPHACCOAI_reverse,
RFAMPtex_reverse,
RIBtex_reverse,
RMI_reverse,
RMNtex_reverse,
RMPA_reverse,
RPE_reverse,0.9999814235303894
RPI_reverse,0.9999835572609289
SBTPD_reverse,
SBTtex_reverse,
SDPTA_reverse,-0.9837436770539052
SELtex_reverse,
SERASr_reverse,
SERAT_reverse,0.9822465300795304
SERt2rpp_reverse,
SERtex_reverse,
SHK3Dr_reverse,
SKMtex_reverse,
SLNTtex_reverse,
SO2tex_reverse,
SO2tpp_reverse,
SO3tex_reverse,
SO4tex_reverse,0.9993060679147585
SPMDtex_reverse,
SUCCtex_reverse,
SUCOAS_reverse,-0.8636391894116755
SUCRtex_reverse,
SULFACtex_reverse,
T2DECAI_reverse,
TAGURr_reverse,
TALA_reverse,
TARTRDtex_reverse,
TARTRt7pp_reverse,
TARTRtex_reverse,
TAURtex_reverse,
TCYNTtex_reverse,
TGBPA_reverse,
THMDt2rpp_reverse,
THMDtex_reverse,
THMtex_reverse,
THRPtex_reverse,
THRt2rpp_reverse,
THRtex_reverse,
THYMtex_reverse,
TKT1_reverse,
TKT2_reverse,0.9817302300769342
TMAOtex_reverse,
TMAtex_reverse,
TMDPP_reverse,
TPI_reverse,0.9999650316294557
TREtex_reverse,
TRPAS2_reverse,-0.9811222953043448
TRPt2rpp_reverse,
TRPtex_reverse,
TRSARr_reverse,
TSULtex_reverse,
TTRCYCtex_reverse,
TUNGStex_reverse,
TYMtex_reverse,
TYRPtex_reverse,
TYRTA_reverse,-0.9993060281239341
TYRt2rpp_reverse,
TYRtex_reverse,
UACGAMtex_reverse,
UAG2E_reverse,
UAGAAT_reverse,0.9993060281239339
UDPACGALtex_reverse,
UDPG4E_reverse,
UDPGALtex_reverse,
UDPGLCURtex_reverse,
UDPGtex_reverse,
UDPKAAT_reverse,
UGLT_reverse,
UMPK_reverse,0.9818811283441975
UMPtex_reverse,
URAt2rpp_reverse,
URAtex_reverse,
UREAtex_reverse,-0.3877113533158151
UREAtpp_reverse,-0.3877113533158151
URIt2rpp_reverse,
URItex_reverse,
VALTA_reverse,-0.9993060281239338
VALt2rpp_reverse,
VALtex_reverse,
VPAMTr_reverse,
XANtex_reverse,
XANtpp_reverse,
XMPtex_reverse,
XTSNt2rpp_reverse,
XTSNtex_reverse,
XYLI1_reverse,
XYLI2_reverse,
XYLUtex_reverse,
XYLtex_reverse,
Zn2tex_reverse,0.9993060281239339
monooxygenase,1.0
INDIRUBINex,1.0
EX_INDIRUBIN_LPAREN_e_RPAREN_,1.0