,EX_INDIRUBIN_LPAREN_e_RPAREN_
10fthf_c,1.2930071866057635
12dgr120_c,0.0
12dgr120_p,0.0
12dgr140_c,0.0
12dgr140_p,0.0
12dgr141_c,0.0
12dgr141_p,0.0
12dgr160_c,0.0
12dgr160_p,0.0
12dgr161_c,0.0
12dgr161_p,0.0
12dgr180_c,0.0
12dgr180_p,0.0
12dgr181_c,0.0
12dgr181_p,0.0
12ppd_DASH_R_c,0.0
12ppd_DASH_R_e,0.0
12ppd_DASH_R_p,0.0
12ppd_DASH_S_c,0.0
12ppd_DASH_S_e,0.0
12ppd_DASH_S_p,0.0
13dpg_c,5.954887604271132
14dhncoa_c,0.0
14glucan_c,0.0
14glucan_e,0.0
14glucan_p,0.0
15dap_c,0.0
15dap_e,0.0
15dap_p,0.0
1agpe120_p,0.0
1agpe140_p,0.0
1agpe141_p,0.0
1agpe160_p,0.0
1agpe161_p,0.0
1agpe180_p,0.0
1agpe181_p,0.0
1agpg120_p,0.0
1agpg140_p,0.0
1agpg141_p,0.0
1agpg160_p,0.0
1agpg161_p,0.0
1agpg180_p,0.0
1agpg181_p,0.0
1ddecg3p_c,0.0
1ddecg3p_p,0.0
1hdec9eg3p_c,0.04083467735949164
1hdec9eg3p_p,0.0
1hdecg3p_c,0.03645534250263351
1hdecg3p_p,0.0
1odec11eg3p_c,0.0
1odec11eg3p_p,0.0
1odecg3p_c,0.0
1odecg3p_p,0.0
1pyr5c_c,0.14038460476483294
1tdec7eg3p_c,0.0
1tdec7eg3p_p,0.0
1tdecg3p_c,0.0
1tdecg3p_p,0.0
23camp_e,0.0
23camp_p,0.0
23ccmp_e,0.0
23ccmp_p,0.0
23cgmp_e,0.0
23cgmp_p,0.0
23cump_e,0.0
23cump_p,0.0
23dappa_c,0.0
23dappa_e,0.0
23dappa_p,0.0
23ddhb_c,0.0
23dhacoa_c,0.0
23dhb_c,0.0
23dhba_c,0.0
23dhbzs_c,0.0
23dhdp_c,0.21653035699672907
23dhmb_c,0.9741002551106586
23dhmp_c,0.3049768370782516
23doguln_c,0.0
25aics_c,1.4374322339809851e-05
25dkglcn_c,0.0
25drapp_c,0.0002340896594435684
26dap_DASH_LL_c,0.0
26dap_DASH_M_c,0.43529672872890357
26dap_DASH_M_e,0.0
26dap_DASH_M_p,0.0
2agpe120_c,0.0
2agpe120_p,0.0
2agpe140_c,0.0
2agpe140_p,0.0
2agpe141_c,0.0
2agpe141_p,0.0
2agpe160_c,0.0029616260727563827
2agpe160_p,0.0029616260727563827
2agpe161_c,0.0013575032667098206
2agpe161_p,0.0013575032667098206
2agpe180_c,0.0
2agpe180_p,0.0
2agpe181_c,0.0
2agpe181_p,0.0
2agpg120_c,0.0
2agpg120_p,0.0
2agpg140_c,0.0
2agpg140_p,0.0
2agpg141_c,0.0
2agpg141_p,0.0
2agpg160_c,0.0
2agpg160_p,0.0
2agpg161_c,0.0
2agpg161_p,0.0
2agpg180_c,0.0
2agpg180_p,0.0
2agpg181_c,0.0
2agpg181_p,0.0
2ahbut_c,0.0
2amsa_c,0.0
2aobut_c,0.04753914025226022
2cpr5p_c,2.868223198432001
2dda7p_c,2.6980221706165555
2ddecg3p_c,0.0
2ddecg3p_p,0.0
2ddg6p_c,0.0
2ddglcn_c,0.0
2ddglcn_e,0.0
2ddglcn_p,0.0
2dh3dgal6p_c,0.0
2dh3dgal_c,0.0
2dhguln_c,0.0
2dhp_c,0.0003023220713892962
2dmmq8_c,0.0
2dmmql8_c,0.0
2dr1p_c,0.0
2dr5p_c,0.0
2fe1s_c,1.4428529029780982e-06
2fe2s_c,0.5248660212075543
2h3oppan_c,0.01323268791572843
2hdec9eg3p_c,0.0
2hdec9eg3p_p,0.0
2hdecg3p_c,0.0
2hdecg3p_p,0.0
2ippm_c,0.2364678214321148
2mahmp_c,0.00013141915206153675
2mcacn_c,0.0
2mcit_c,0.0
2me4p_c,0.0012539017856736626
2mecdp_c,0.0012539017856736626
2obut_c,0.1524884185391258
2odec11eg3p_c,0.0
2odec11eg3p_p,0.0
2odecg3p_c,0.0
2odecg3p_p,0.0
2ohph_c,0.5248647072723405
2ombzl_c,0.0
2omhmbl_c,0.0
2ommbl_c,0.0
2omph_c,0.0
2oph_c,0.00011704482972173632
2oxpaccoa_c,0.0
2p4c2me_c,0.0012539017856736626
2pg_c,3.580505505010416
2pglyc_c,0.0
2sephchc_c,0.0
2shchc_c,0.0
2tdec7eg3p_c,0.0
2tdec7eg3p_p,0.0
2tdecg3p_c,0.0
2tdecg3p_p,0.0
2tpr3dpcoa_c,0.0
34dhpac_e,0.0
34dhpac_p,0.0
34hpp_c,0.07249378850374841
35cgmp_c,0.0
3amac_c,0.0
3amp_e,0.0
3amp_p,0.0
3c2hmp_c,0.2364678214321148
3c3hmp_c,0.2364678214321148
3c4mop_c,0.2364678214321148
3cmp_e,0.0
3cmp_p,0.0
3dhguln_c,0.0
3dhgulnp_c,0.0
3dhq_c,2.6980221706165555
3dhsk_c,2.6980221706165555
3fe4s_c,0.004098143634382434
3gmp_e,0.0
3gmp_p,0.0
3haACP_c,0.0
3hadpcoa_c,0.0
3hbcoa_c,0.2260074331895173
3hcddec5eACP_c,0.0
3hcinnm_c,0.0
3hcinnm_e,0.0
3hcinnm_p,0.0
3hcmrs7eACP_c,0.0
3hcpalm9eACP_c,0.0
3hcvac11eACP_c,0.0
3hdcoa_c,0.18678885202408055
3hddcoa_c,0.18678885202408055
3hddecACP_c,0.0
3hdecACP_c,0.0
3hhcoa_c,0.18678885202408055
3hhdcoa_c,0.14594178104531788
3hhexACP_c,0.0
3hmrsACP_c,0.06127060646814395
3hocoa_c,0.18678885202408055
3hoctACP_c,0.0
3hoctaACP_c,0.0
3hodcoa_c,0.0
3hpalmACP_c,0.0
3hpp_c,0.0
3hpp_e,0.0
3hpp_p,0.0
3hpppn_c,0.0
3hpppn_e,0.0
3hpppn_p,0.0
3htdcoa_c,0.16386494953194022
3ig3p_c,2.868223198432001
3mob_c,0.4588729427622822
3mop_c,0.1712155821941086
3ocddec5eACP_c,0.0
3ocmrs7eACP_c,0.0
3ocpalm9eACP_c,0.0
3ocvac11eACP_c,0.0
3odcoa_c,0.0
3oddcoa_c,0.0
3oddecACP_c,0.0
3odecACP_c,0.0
3ohcoa_c,0.0
3ohdcoa_c,0.16386494953194022
3ohexACP_c,0.0
3omrsACP_c,0.0
3oocoa_c,0.0
3ooctACP_c,0.0
3ooctdACP_c,0.0
3oodcoa_c,0.0
3opalmACP_c,0.0
3ophb_c,0.00011704482972173636
3otdcoa_c,0.1638649495319402
3oxdhscoa_c,0.0
3pg_c,4.545992198089885
3php_c,0.9654866930794688
3psme_c,2.6980221706165555
3sala_c,0.0
3ump_e,0.0
3ump_p,0.0
4abut_c,0.02192915138903497
4abut_e,0.0
4abut_p,0.0
4abutn_c,0.02192915138903497
4abz_c,0.0003511344891652353
4adcho_c,0.0003511344891652353
4ahmmp_c,0.0
4ampm_c,0.00013141915206153678
4c2me_c,0.0012539017856736626
4crsol_c,0.00011704482972173191
4fe4s_c,0.5269137790895317
4h2opntn_c,0.0
4hbz_c,0.00011704482972173636
4hoxpacd_e,0.0
4hoxpacd_p,0.0
4hthr_c,0.0
4mhetz_c,0.0
4mop_c,0.2364678214321148
4mpetz_c,0.00011704482972173191
4pasp_c,0.812803507069108
4per_c,7.249685040643748e-05
4ppan_c,0.0003023220713892962
4ppcys_c,0.0003023220713892962
4r5au_c,0.0004681793188871368
56dura_c,0.0
5aizc_c,0.2824889099176163
5aop_c,0.002809075913321566
5aprbu_c,0.0002340896594435684
5apru_c,0.0002340896594435684
5caiz_c,0.2824889099176163
5dglcn_c,0.0
5dglcn_e,0.0
5dglcn_p,0.0
5dh4dglc_c,0.0
5drib_c,0.00011833095407886326
5fthf_c,0.0
5mta_c,0.0
5mthf_c,0.08101806413973639
5mtr_c,0.0
5mtr_e,0.0
5mtr_p,0.0
5prdmbz_c,0.0
6hmhpt_c,0.0007022689783304706
6hmhptpp_c,0.0003511344891652353
6pgc_c,0.0
6pgl_c,0.0
8aonn_c,1.563711046447807e-07
ACP_c,0.21585064619239425
LalaDgluMdapDala_c,0.0
LalaDgluMdapDala_e,0.0
LalaDgluMdapDala_p,0.0
LalaDgluMdap_c,0.002236014735445475
LalaDgluMdap_e,0.0
LalaDgluMdap_p,0.0
LalaDglu_c,0.002236014735445475
LalaDglu_e,0.0
LalaDglu_p,0.0
LalaLglu_c,0.002236014735445475
LalaLglu_e,0.0
LalaLglu_p,0.0
N1aspmd_c,0.0
Nmtrp_c,0.0
Sfglutth_c,0.0
aacald_c,0.0
aacoa_c,0.2260074331895173
aact_c,0.0
acACP_c,0.007256474103420306
ac_c,0.1540209769344414
ac_e,0.0
ac_p,0.0
acac_c,0.0
acac_e,0.0
acac_p,0.0
acald_c,0.20294233656983862
acald_e,0.0
acald_p,0.0
acanth_c,0.0
accoa_c,2.809633216594383
acetol_c,0.0
acg5p_c,0.004963787288300953
acg5sa_c,0.3694147933678583
acgal1p_e,0.0
acgal1p_p,0.0
acgal_e,0.0
acgal_p,0.0
acgam1p_c,0.05406544593163985
acgam1p_e,0.0
acgam1p_p,0.0
acgam6p_c,0.00447202947089095
acgam_c,0.002236014735445475
acgam_e,0.0
acgam_p,0.0
acglc_DASH_D_c,0.0
acglu_c,0.18718929032807965
acmalt_c,0.0
acmana_c,0.0
acmana_e,0.0
acmana_p,0.0
acmanap_c,0.0
acmum6p_c,0.002236014735445475
acmum_e,0.0
acmum_p,0.0
acnam_c,0.0
acnam_e,0.0
acnam_p,0.0
acolipa_e,0.0
acolipa_p,0.0
acon_DASH_C_c,1.2233935809899643
acon_DASH_T_c,0.0
aconm_c,0.0
acorn_c,0.18718929032807965
acser_c,0.29305963774991484
acser_e,0.0
acser_p,0.0
actACP_c,0.0
actp_c,0.1540209769344414
ade_c,0.033370964543089195
ade_e,0.013414808451541351
ade_p,0.013414808451541351
adn_c,0.0004165786378246165
adn_e,0.0
adn_p,0.0
adocbi_c,0.0
adocbip_c,0.0
adocbl_c,0.0
adocbl_e,0.0
adocbl_p,0.0
adp_c,25.283507907444427
adpglc_c,0.0
adphep_DASH_DD_c,0.0
adphep_DASH_LD_c,0.0
adprib_c,0.0
ag_c,0.0
ag_e,0.0
agdpcbi_c,0.0
agm_c,0.02192915138903497
agm_e,0.0
agm_p,0.0
ahcys_c,0.00023537578380060888
ahdt_c,0.0003511344891652353
aicar_c,0.43078986789584495
air_c,0.2826059547473381
akg_c,5.434041833261221
akg_e,0.0
akg_p,0.0
ala_DASH_B_c,0.0003023220713892962
ala_DASH_B_e,0.0
ala_DASH_B_p,0.0
ala_DASH_D_c,0.024546404903212072
ala_DASH_D_e,0.0
ala_DASH_D_p,0.0086328937917885
ala_DASH_L_c,0.6943134634975398
ala_DASH_L_e,0.0
ala_DASH_L_p,0.0
alaala_c,0.035427166353652874
alaala_e,0.0
alaala_p,0.0008955911864988723
alac_DASH_S_c,0.0563543695860935
alatrna_c,0.0
all6p_c,0.0
all_DASH_D_c,0.0
all_DASH_D_e,0.0
all_DASH_D_p,0.0
alltn_c,0.03392660324252106
alltn_e,0.010033480916304634
alltn_p,0.010033480916304634
alltt_c,0.023893122326216428
allul6p_c,0.0
alpp_p,0.0
altrn_c,0.0
amet_c,0.5251015811733163
ametam_c,0.0
amob_c,2.820462971915404e-06
amp_c,2.6240241229782004
amp_e,0.0
amp_p,0.0
anhgm3p_c,0.002236014735445475
anhgm3p_p,0.0008955911864988723
anhgm4p_c,0.001340423548946603
anhgm4p_p,0.001340423548946603
anhgm_c,0.002236014735445475
anhgm_e,0.0
anhgm_p,0.0
anhm3p_c,0.0
anhm4p_c,0.0
anhm_c,0.002236014735445475
anth_c,2.868223198432001
ap4a_c,0.0
ap5a_c,0.0
apg120_c,0.0
apg140_c,0.0
apg141_c,0.0
apg160_c,0.0
apg161_c,0.0
apg180_c,0.0
apg181_c,0.0
apoACP_c,0.0
appl_c,0.0
aps_c,0.13009973751089546
ara5p_c,0.022146294922189384
arab_DASH_L_c,0.0
arab_DASH_L_e,0.0
arab_DASH_L_p,0.0
aragund_c,0.0
arbt6p_c,0.0
arbt_e,0.0
arbt_p,0.0
arbtn_DASH_fe3_c,0.0
arbtn_DASH_fe3_e,0.0
arbtn_DASH_fe3_p,0.0
arbtn_c,0.0
arbtn_e,0.0
arbtn_p,0.0
arg_DASH_L_c,0.7439925064349996
arg_DASH_L_e,0.008018949644747978
arg_DASH_L_p,0.008018949644747978
argsuc_c,0.0
argtrna_c,0.0
ascb6p_c,0.0
ascb_DASH_L_e,0.0
ascb_DASH_L_p,0.0
asn_DASH_L_c,0.5248647072723405
asn_DASH_L_e,0.0
asn_DASH_L_p,0.0
asntrna_c,0.0
aso3_c,0.0
aso3_e,0.0
aso3_p,0.0
aso4_c,0.0
asp_DASH_L_c,2.7859362989053507
asp_DASH_L_e,0.0
asp_DASH_L_p,0.0
aspsa_c,1.1045577747772883
asptrna_c,0.0
athr_DASH_L_c,0.0
athtp_c,0.0
atp_c,23.121547861686373
b2coa_c,0.37357770404816104
bbtcoa_c,0.0
betald_c,0.0
bglycogen_c,0.0
bmoco1gdp_c,6.403349428722553e-05
bmoco_c,6.403349428722553e-05
bmocogdp_c,0.5248647072723405
btal_c,0.0
btcoa_c,0.18678885202408052
btn_c,0.5248647072723405
btn_e,0.0
btn_p,0.0
btnso_c,0.0
but2eACP_c,0.0
butACP_c,0.0
but_c,0.0
but_e,0.0
but_p,0.0
butso3_c,0.0
butso3_e,0.0
butso3_p,0.0
bwco1gdp_c,0.0
bwco_c,0.0
bwcogdp_c,0.0
ca2_c,0.527596628073693
ca2_e,0.0027319208013525326
ca2_p,0.0027319208013525326
camp_c,0.0
cbasp_c,0.1736226208421539
cbi_c,0.0
cbi_e,0.0
cbi_p,0.0
cbl1_c,0.0
cbl1_e,0.0
cbl1_p,0.0
cbm_c,0.0
cbp_c,0.5036131883761867
cd2_c,0.0
cd2_e,0.0
cd2_p,0.0
cddec5eACP_c,0.0
cdec3eACP_c,0.0
cdg_c,0.0
cdp_c,0.11255361180769108
cdpdddecg_c,0.0
cdpdhdec9eg_c,0.04650369278888156
cdpdhdecg_c,0.03945524306152694
cdpdodec11eg_c,0.0
cdpdodecg_c,0.0
cdpdtdec7eg_c,0.0
cdpdtdecg_c,0.0
cechddd_c,0.0
cenchddd_c,0.0
cgly_c,0.0
cgly_e,0.0
cgly_p,0.0
chol_c,0.0
chol_e,0.0
chol_p,0.0
chor_c,3.0384242262474466
chtbs6p_c,0.0
chtbs_e,0.0
chtbs_p,0.0
cinnm_c,0.0
cit_c,0.032103859803881155
cit_e,0.0
cit_p,0.0
citr_DASH_L_c,0.19215307761638062
ckdo_c,0.020423535489381313
cl_c,0.5248647072723405
cl_e,0.002731920801352532
cl_p,0.0040978812020287985
clpn120_p,0.0
clpn140_p,0.0
clpn141_p,0.0
clpn160_p,0.0
clpn161_p,0.0
clpn180_p,0.0
clpn181_p,0.0
cm_e,0.0
cm_p,0.0
cmp_c,0.0005748333404163777
cmp_e,0.0
cmp_p,0.0
co2_c,4.701390008634316
co2_e,1.3313623244216073
co2_p,1.3313623244216153
coa_c,4.948134466089863
cobalt2_c,0.5248663187434548
cobalt2_e,1.312161768180851e-05
cobalt2_p,2.785470647794492e-05
colipa_c,0.0
colipa_e,0.0
colipa_p,0.0
colipap_e,0.0
colipap_p,0.0
cpe160_c,0.0
cpe180_c,0.0
cpg160_c,0.0
cpg180_c,0.0
cpgn_DASH_un_c,0.0
cpgn_DASH_un_e,0.0
cpgn_DASH_un_p,0.0
cpgn_c,0.0
cpgn_e,0.0
cpgn_p,0.0
cph4_c,0.0
cpmp_c,0.00012806698857445106
cpppg3_c,0.00011704482972173191
crnDcoa_c,0.0
crn_DASH_D_c,0.0
crn_DASH_D_e,0.0
crn_DASH_D_p,0.0
crn_c,0.0
crn_e,0.0
crn_p,0.0
crncoa_c,0.0
csn_c,0.0
csn_e,0.0
csn_p,0.0
ctbt_c,0.0
ctbt_p,0.0
ctbtcoa_c,0.0
ctp_c,0.7647440186070984
cu2_c,0.5250384755817173
cu2_e,0.00037212907745608935
cu2_p,0.0007899594757145181
cu_c,0.0
cu_e,0.0
cu_p,0.0
cyan_c,0.0
cyan_e,0.0
cyan_p,0.0
cynt_c,0.0
cynt_e,0.0
cynt_p,0.0
cys_DASH_D_c,0.0
cys_DASH_D_e,0.0
cys_DASH_D_p,0.0
cys_DASH_L_c,0.6233274162552965
cys_DASH_L_e,0.0
cys_DASH_L_p,0.0
cyst_DASH_L_c,0.08078268835593576
cystrna_c,0.0
cytd_c,0.0
cytd_e,0.0
cytd_p,0.0
dad_DASH_2_c,0.0
dad_DASH_2_e,0.0
dad_DASH_2_p,0.0
dad_DASH_5_c,0.00011833095407886326
dadp_c,0.0
damp_c,0.0
damp_e,0.0
damp_p,0.0
dann_c,2.820462971915404e-06
datp_c,0.5248647072723405
db4p_c,0.0004681793188871368
dc2coa_c,0.37357770404816104
dcaACP_c,0.0
dca_c,0.0
dca_e,0.0
dca_p,0.0
dcacoa_c,0.18678885202408052
dcamp_c,0.0
dcdp_c,0.0
dcmp_c,0.0
dcmp_e,0.0
dcmp_p,0.0
dctp_c,0.5266061918761723
dcyt_c,0.0
dcyt_e,0.0
dcyt_p,0.0
dd2coa_c,0.18678885202408055
ddcaACP_c,0.040847070978763306
ddca_c,0.04084707097876265
ddca_e,0.0
ddca_p,0.0
ddcacoa_c,0.2276359230028432
ddcap_c,0.0
dgdp_c,0.0
dgmp_c,0.0
dgmp_e,0.0
dgmp_p,0.0
dgslnt_c,0.0
dgsn_c,0.0
dgsn_e,0.0
dgsn_p,0.0
dgtp_c,0.5248647072723405
dha_c,0.6651529008321024
dha_e,0.0
dha_p,0.0
dhap_c,2.182745266411096
dhcinnm_c,0.0
dhf_c,0.0
dhgly_c,0.00011704482972173191
dhmpt_c,0.0
dhmptp_c,0.0
dhna_c,0.0
dhnpt_c,0.0
dhor_DASH_S_c,0.1736226208421539
dhpmp_c,0.0003511344891652353
dhpppn_c,0.0
dhpt_c,0.0003511344891652353
dhptd_c,0.00023537578380060888
dhptdn_c,0.0
didp_c,0.0
dimp_c,0.0
dimp_e,0.0
dimp_p,0.0
din_c,0.0
din_e,0.0
din_p,0.0
ditp_c,0.0
dmbzid_c,0.0
dmlz_c,0.0002340896594435684
dmpp_c,0.0001459123886217156
dms_c,0.0
dms_e,0.0
dms_p,0.0
dmso_c,0.0
dmso_e,0.0
dmso_p,0.0
dnad_c,0.0023912836063305428
dopa_e,0.0
dopa_p,0.0
doxrbcn_e,0.0
doxrbcn_p,0.0
dpcoa_c,0.0003023220713892962
dsbaox_p,0.0
dsbard_p,0.0
dsbcox_p,0.0
dsbcrd_p,0.0
dsbdox_c,0.0
dsbdrd_c,0.0
dsbgox_p,0.0
dsbgrd_p,0.0
dscl_c,0.00011704482972173191
dtbt_c,1.3139352138318664e-06
dtdp4aaddg_c,0.0
dtdp4addg_c,0.0
dtdp4d6dg_c,0.0
dtdp4d6dm_c,0.0
dtdp_c,0.016257974590178338
dtdpglu_c,0.0
dtdprmn_c,0.0
dtmp_c,0.0008377345325901336
dtmp_e,0.0
dtmp_p,0.0
dttp_c,0.5419715774570288
dudp_c,0.0
dump_c,0.013733609930488055
dump_e,0.0
dump_p,0.0
duri_c,0.0
duri_e,0.0
duri_p,0.0
dutp_c,0.013733609930488055
dxyl5p_c,0.0014879914451171262
dxyl_c,0.0
e4p_c,2.896027512291652
eca2und_p,0.0
eca3und_p,0.0
eca4colipa_e,0.0
eca4colipa_p,0.0
eca4und_p,0.0
egmeACP_c,1.3139352138318664e-06
eig3p_c,0.04972463263756699
enlipa_e,0.0
enlipa_p,0.0
enter_c,0.0
enter_e,0.0
enter_p,0.0
epmeACP_c,1.3139352138318664e-06
etha_c,0.004319129339466205
etha_e,0.0
etha_p,0.0
ethso3_c,0.0
ethso3_e,0.0
ethso3_p,0.0
etoh_c,0.0
etoh_e,0.0
etoh_p,0.0
f1p_c,0.0
f6p_c,5.006999199561882
f6p_e,0.0
f6p_p,0.0
fad_c,1.8589500742759577
fadh2_c,0.9605076307260334
fald_c,0.0
fald_e,0.0
fald_p,0.0
fc1p_c,0.0
fcl_DASH_L_c,0.0
fdp_c,0.05653939194562744
fe2_c,0.5294834522374925
fe2_e,0.00842985206350106
fe2_p,0.01685970412700212
fe3_c,0.5248647072723405
fe3_e,0.0
fe3_p,0.0
fe3dcit_e,0.0
fe3dcit_p,0.0
fe3dhbzs_c,0.0
fe3dhbzs_e,0.0
fe3dhbzs_p,0.0
fe3hox_DASH_un_c,0.0
fe3hox_DASH_un_e,0.0
fe3hox_DASH_un_p,0.0
fe3hox_c,0.0
fe3hox_e,0.0
fe3hox_p,0.0
fecrm_DASH_un_c,0.0
fecrm_DASH_un_e,0.0
fecrm_DASH_un_p,0.0
fecrm_c,0.0
fecrm_e,0.0
fecrm_p,0.0
feenter_c,0.0
feenter_e,0.0
feenter_p,0.0
feoxam_DASH_un_c,0.0
feoxam_DASH_un_e,0.0
feoxam_DASH_un_p,0.0
feoxam_c,0.0
feoxam_e,0.0
feoxam_p,0.0
fgam_c,0.563694902811616
flxr_c,0.12465546031281345
flxso_c,0.010492137834006605
fmettrna_c,0.0
fmn_c,0.00011704482972195865
fmnh2_c,0.0
for_c,0.0015170066830601482
for_e,0.0
for_p,0.0
forcoa_c,0.0
fpram_c,0.2826059547473381
fprica_c,0.5161117528097985
frdp_c,0.00014591238862171575
fru_c,0.0
fru_e,0.0
fru_p,0.0
frulys_c,0.0
frulys_e,0.0
frulys_p,0.0
frulysp_c,0.0
fruur_c,0.0
fruur_e,0.0
fruur_p,0.0
fuc_DASH_L_c,0.0
fuc_DASH_L_e,0.0
fuc_DASH_L_p,0.0
fum_c,0.6597469578112369
fum_e,0.0
fum_p,0.0
fusa_e,0.0
fusa_p,0.0
g1p_c,0.0
g1p_e,0.0
g1p_p,0.0
g3p_c,10.816129163681735
g3pc_c,0.0
g3pc_e,0.0
g3pc_p,0.0
g3pe_c,0.004319129339466205
g3pe_e,0.0
g3pe_p,0.0
g3pg_c,0.0
g3pg_e,0.0
g3pg_p,0.0
g3pi_c,0.0
g3pi_e,0.0
g3pi_p,0.0
g3ps_c,0.0
g3ps_e,0.0
g3ps_p,0.0
g6p_c,2.774441262479965e-17
g6p_e,0.0
g6p_p,0.0
gagicolipa_c,0.0
gal1p_c,0.0
gal1p_e,0.0
gal1p_p,0.0
gal_DASH_bD_e,0.0
gal_DASH_bD_p,0.0
gal_c,0.0
gal_e,0.0
gal_p,0.0
galct_DASH_D_c,0.0
galct_DASH_D_e,0.0
galct_DASH_D_p,0.0
galctn_DASH_D_c,0.0
galctn_DASH_D_e,0.0
galctn_DASH_D_p,0.0
galctn_DASH_L_c,0.0
galctn_DASH_L_e,0.0
galctn_DASH_L_p,0.0
galt1p_c,0.0
galt_e,0.0
galt_p,0.0
galur_c,0.0
galur_e,0.0
galur_p,0.0
gam1p_c,0.05406544593163985
gam6p_c,0.05406544593163985
gam6p_e,0.0
gam6p_p,0.0
gam_e,0.0
gam_p,0.0
gar_c,0.13224876690563164
garagund_c,0.0
gbbtn_c,0.0
gbbtn_e,0.0
gbbtn_p,0.0
gcald_c,0.0007022689783304706
gdp_c,0.1436275787615674
gdp_e,0.0
gdp_p,0.0
gdpddman_c,0.0
gdpfuc_c,0.0
gdpmann_c,0.0
gdpofuc_c,0.0
gdptp_c,0.0
gfgaragund_c,0.0
gg4abut_c,0.0
ggagicolipa_c,0.0
ggbutal_c,0.0
gggagicolipa_c,0.0
ggptrc_c,0.0
ghb_c,0.0
gicolipa_c,0.0
glc_DASH_D_c,5.992739515461872
glc_DASH_D_e,0.0
glc_DASH_D_p,11.985479030923743
glcn_c,0.0
glcn_e,0.0
glcn_p,0.0
glcr_c,0.0
glcr_e,0.0
glcr_p,0.0
glcur1p_e,0.0
glcur1p_p,0.0
glcur_c,0.0
glcur_e,0.0
glcur_p,0.0
gln_DASH_L_c,4.27188231752281
gln_DASH_L_e,0.0
gln_DASH_L_p,0.0
glntrna_c,0.0
glu1sa_c,0.0
glu5p_c,0.14038460476483294
glu5sa_c,0.14038460476483294
glu_DASH_D_c,0.01682095522112927
glu_DASH_L_c,6.111869665228876
glu_DASH_L_e,0.0
glu_DASH_L_p,0.0
glucys_c,0.0
glutrna_c,0.0018727172755477106
glx_c,0.013575429539848905
gly_c,1.3855589917737468
gly_e,0.0
gly_p,0.0
glyald_c,0.0
glyald_e,0.0
glyald_p,0.0
glyb_c,0.0
glyb_e,0.0
glyb_p,0.0
glyc2p_c,0.0
glyc2p_e,0.0
glyc2p_p,0.0
glyc3p_c,0.07729001986212515
glyc3p_e,0.0
glyc3p_p,0.0
glyc_DASH_R_c,0.01323268791572843
glyc_DASH_R_e,0.0
glyc_DASH_R_p,0.0
glyc_c,0.0
glyc_e,0.0
glyc_p,0.0
glyclt_c,0.0003511344891652353
glyclt_e,0.0
glyclt_p,0.0
glycogen_c,0.0
glytrna_c,0.0
gmeACP_c,1.3139352138318664e-06
gmhep17bp_c,0.0
gmhep1p_c,0.0
gmhep7p_c,0.0
gmp_c,0.0
gmp_e,0.0
gmp_p,0.0
gp4g_c,0.0
grdp_c,0.0001459123886217156
grxox_c,0.0
grxrd_c,0.0
gslnt_c,0.0
gsn_c,0.0
gsn_e,0.0
gsn_p,0.0
gthox_c,0.0
gthox_e,0.0
gthox_p,0.0
gthrd_c,0.0
gthrd_e,0.0
gthrd_p,0.0
gtp_c,1.339240220279414
gtp_e,0.0
gtp_p,0.0
gtspmd_c,0.0
gua_c,0.0
gua_e,0.0
gua_p,0.0
h2_c,0.0
h2_e,0.0
h2_p,0.0
h2mb4p_c,0.0012539017856736628
h2o2_c,0.035122245045686486
h2o2_e,0.0
h2o2_p,0.0
h2o_c,18.745791442855907
h2o_e,1.8634284916789583
h2o_p,1.8699836357538702
h2s_c,0.14652981887495742
h2s_e,0.0
h2s_p,0.0
h_c,38.46294063734417
h_e,2.214693703114811
h_p,26.554212162323914
hacolipa_e,0.0
halipa_e,0.0
hco3_c,0.6611926907780378
hcys_DASH_L_c,0.08101806413973639
hdca_c,0.07291068500526701
hdca_e,0.0
hdca_p,0.0029616260727563827
hdcap_c,0.0
hdcea_c,0.08166935471898328
hdcea_e,0.0
hdcea_p,0.0013575032667098206
hdceap_c,0.0
hdcoa_c,0.08031185145227347
hdd2coa_c,0.2918835620906358
hdeACP_c,0.08166935471898328
hemeO_c,0.0
hexACP_c,0.0
hg2_c,0.0
hg2_e,0.0
hg2_p,0.0
hgmeACP_c,1.3139352138318664e-06
hhlipa_c,0.0
his_DASH_L_c,0.5248647072723405
his_DASH_L_e,0.0
his_DASH_L_p,0.0
hisp_c,0.04972463263756699
histd_c,0.04972463263756699
histrna_c,0.0
hkndd_c,0.0
hkntd_c,0.0
hlipa_c,0.0
hmbil_c,0.00023408965944346383
hmgth_c,0.0
hom_DASH_L_c,0.4225900702854031
hom_DASH_L_e,0.0
hom_DASH_L_p,0.0
hphhlipa_c,0.0
hpmeACP_c,1.3139352138318664e-06
hpyr_c,0.0
hqn_c,0.0
hx2coa_c,0.37357770404816104
hxa_c,0.0
hxa_e,0.0
hxa_p,0.0
hxan_c,0.019539577453723228
hxan_e,0.0
hxan_p,0.0
hxcoa_c,0.18678885202408052
iasp_c,0.0011956418031652714
ichor_c,0.0
icit_c,1.2520908114332006
icolipa_c,0.0
idon_DASH_L_c,0.0
idon_DASH_L_e,0.0
idon_DASH_L_p,0.0
idp_c,0.0
ile_DASH_L_c,0.5435918709273233
ile_DASH_L_e,0.0
ile_DASH_L_p,0.0
iletrna_c,0.0
imacp_c,0.04972463263756699
imp_c,0.33221354255518365
imp_e,0.0
imp_p,0.0
indirubin_c,2.8980580829874834
indirubin_e,2.8980580829874834
indole_c,2.9315570016450345
indole_e,0.0
indole_p,0.0
inost_c,0.0
inost_e,0.0
inost_p,0.0
ins_c,0.0
ins_e,0.0
ins_p,0.0
ipdp_c,0.0004377371658651469
iscs_c,0.0009476171915691577
iscssh_c,0.0006611333310997374
iscu_DASH_2fe2s2_c,0.00013649705331309536
iscu_DASH_2fe2s_c,0.00015142966005930752
iscu_DASH_4fe4s_c,0.00013649705331309536
iscu_c,0.00015145747091600806
isetac_c,0.0
isetac_e,0.0
isetac_p,0.0
itp_c,0.0
k_c,0.5248647072723405
k_e,0.10244991680660996
k_p,0.20489983361321992
kdo2lipid4L_c,0.0
kdo2lipid4_c,0.010211767744690656
kdo2lipid4_e,0.5248647072723405
kdo2lipid4_p,0.010211767744690656
kdo2lipid4p_c,0.0
kdo8p_c,0.02042353548938131
kdo_c,0.02042353548938131
kdolipid4_c,0.010211767744690656
kphphhlipa_c,0.0
lac_DASH_D_c,0.002236014735445475
lac_DASH_D_e,0.0
lac_DASH_D_p,0.0
lac_DASH_L_c,0.0
lac_DASH_L_e,0.0
lac_DASH_L_p,0.0
lald_DASH_D_c,0.0
lald_DASH_L_c,0.0
lcts_c,0.0
lcts_e,0.0
lcts_p,0.0
leu_DASH_L_c,0.5248647072723405
leu_DASH_L_e,0.0
leu_DASH_L_p,0.0
leutrna_c,0.0
lgt_DASH_S_c,0.0
lipa_c,0.0
lipa_cold_c,0.0
lipa_cold_e,0.0
lipa_cold_p,0.0
lipa_e,0.0
lipa_p,0.0
lipidA_c,0.010211767744690656
lipidAds_c,0.010211767744690656
lipidX_c,0.010211767744690651
lipoamp_c,0.0
lipoate_c,0.0
lipoate_e,0.0
lipoate_p,0.0
lipopb_c,0.0
lpp_p,0.0
lys_DASH_L_c,0.5466970259711021
lys_DASH_L_e,0.02183231869876165
lys_DASH_L_p,0.02183231869876165
lystrna_c,0.0
lyx_DASH_L_c,0.0
lyx_DASH_L_e,0.0
lyx_DASH_L_p,0.0
malACP_c,0.09621229028350847
mal_DASH_D_c,0.0
mal_DASH_D_e,0.0
mal_DASH_D_p,0.0
mal_DASH_L_c,0.5322735715154896
mal_DASH_L_e,0.0
mal_DASH_L_p,0.0
malcoa_c,1.3139352138318664e-06
malcoame_c,1.3139352138318664e-06
malt6p_c,0.0
malt_c,0.0
malt_e,0.0
malt_p,0.0
malthp_c,0.0
malthx_c,0.0
malthx_e,0.0
malthx_p,0.0
maltpt_c,0.0
maltpt_e,0.0
maltpt_p,0.0
malttr_c,0.0
malttr_e,0.0
malttr_p,0.0
maltttr_c,0.0
maltttr_e,0.0
maltttr_p,0.0
man1p_c,0.0
man6p_c,0.0
man6p_e,0.0
man6p_p,0.0
man6pglyc_c,0.0
man_c,0.0
man_e,0.0
man_p,0.0
mana_c,0.0
manglyc_e,0.0
manglyc_p,0.0
mdhdhf_c,0.00023537578380060888
melib_c,0.0
melib_e,0.0
melib_p,0.0
meoh_c,9.49975600534176e-08
meoh_e,2.7869002840245823e-06
meoh_p,1.5679626302461336e-06
mercppyr_c,0.0
met_DASH_D_c,0.0
met_DASH_D_e,0.0
met_DASH_D_p,0.0
met_DASH_L_c,0.5253367449642988
met_DASH_L_e,0.0
met_DASH_L_p,0.0
methf_c,0.6195976334767338
metsox_DASH_R_DASH_L_c,0.0
metsox_DASH_R_DASH_L_e,0.0
metsox_DASH_R_DASH_L_p,0.0
metsox_DASH_S_DASH_L_c,0.0
metsox_DASH_S_DASH_L_e,0.0
metsox_DASH_S_DASH_L_p,0.0
mettrna_c,0.0
mg2_c,0.529417908607928
mg2_e,0.004553201335587554
mg2_p,0.004553201335587554
mi1p_DASH_D_c,0.0
micit_c,0.0
mincyc_e,0.0
mincyc_p,0.0
minohp_e,0.0
minohp_p,0.0
mlthf_c,1.2483239528446273
mmcoa_DASH_S_c,0.0
mmet_c,0.0
mmet_e,0.0
mmet_p,0.0
mn2_c,0.5248647072723405
mn2_e,0.0003626815127251872
mn2_p,0.0007253630254503744
mnl1p_c,0.0
mnl_e,0.0
mnl_p,0.0
moadamp_c,0.0002561339771489021
moadcoo_c,0.0002561339771489021
moadcosh_c,0.00012806698857445106
mobd_c,0.5249287407666277
mobd_e,6.770754723813192e-05
mobd_p,0.00013541509447626384
moco_c,6.403349428722553e-05
mococdp_c,0.0
mocogdp_c,0.0
mpt_c,0.00012806698857445106
mptamp_c,0.00012806698857445106
mql8_c,0.0
mqn8_c,0.0
msa_c,0.0
mso3_c,0.0
mso3_e,0.0
mso3_p,0.0
mthgxl_c,0.0
mththf_c,0.00023537578380060888
murein3p3p_p,0.0
murein3px3p_p,0.0
murein3px4p_p,0.0008955911864988723
murein4p3p_p,0.0008955911864988723
murein4p4p_p,0.00022241618122386533
murein4px4p4p_p,0.0
murein4px4p_p,0.0
murein4px4px4p_p,0.0
murein5p3p_p,0.0
murein5p4p_p,0.00022241618122386533
murein5p5p5p_p,0.0
murein5p5p_p,0.008410477610564635
murein5px3p_p,0.0
murein5px4p_p,0.5259827146400632
murein5px4px4p_p,0.0
myrsACP_c,0.0
n2o_c,0.0
n2o_e,0.0
n2o_p,0.0
n8aspmd_c,0.0
na15dap_c,0.0
na1_c,0.0
na1_e,0.0
na1_p,0.0
nac_c,0.0
nac_e,0.0
nac_p,0.0
nad_c,10.393720483964001
nadh_c,11.924011580404695
nadp_c,3.320286166828158
nadph_c,12.045654933447826
ncam_c,0.0
nh4_c,8.852692977336302
nh4_e,2.9977216035146634
nh4_p,2.9977216035146634
ni2_c,0.5248958686949913
ni2_e,0.00016953130044896597
ni2_p,0.00037022402354869863
nicrnt_c,0.0
nmn_c,0.0
nmn_e,0.0
nmn_p,0.0
no2_c,0.0
no2_e,0.0
no2_p,0.0
no3_c,0.0
no3_e,0.0
no3_p,0.0
no_c,0.0
no_e,0.0
no_p,0.0
novbcn_e,0.0
novbcn_p,0.0
o16a2und_p,0.0
o16a3und_p,0.0
o16a4colipa_e,0.0
o16a4colipa_p,0.0
o16a4und_p,0.0
o16aund_c,0.0
o16aund_p,0.0
o2_c,13.865579827524337
o2_e,1.771991398356638
o2_p,1.728122480084237
o2s_c,0.0
o2s_e,0.0
o2s_p,0.0
oaa_c,1.8911690946328357
oc2coa_c,0.37357770404816104
ocACP_c,0.0
occoa_c,0.18678885202408052
ocdcaACP_c,0.0
ocdca_c,0.0
ocdca_e,0.0
ocdca_p,0.0
ocdcap_c,0.0
ocdcea_c,0.0
ocdcea_e,0.0
ocdcea_p,0.0
ocdceap_c,0.0
octa_c,0.0
octa_e,0.0
octa_p,0.0
octapb_c,0.0
octdp_c,0.00011704482972173636
octeACP_c,0.0
od2coa_c,0.0
odecoa_c,0.0
ogmeACP_c,1.3139352138318664e-06
ohpb_c,0.00011704482972173191
op4en_c,0.0
opmeACP_c,1.3139352138318664e-06
orn_c,0.18222550303977872
orn_e,0.0
orn_p,0.0
orot5p_c,0.1736226208421539
orot_c,0.1736226208421539
orot_e,0.0
orot_p,0.0
oxa_c,0.0
oxadpcoa_c,0.0
oxalcoa_c,0.0
oxam_c,0.0
oxur_c,0.0
pa120_c,0.0
pa120_p,0.0
pa140_c,0.0
pa140_p,0.0
pa141_c,0.0
pa141_p,0.0
pa160_c,0.03945524306152694
pa160_p,0.0
pa161_c,0.046503692788881584
pa161_p,0.0
pa180_c,0.0
pa180_p,0.0
pa181_c,0.0
pa181_p,0.0
pac_c,0.0
pacald_c,0.0
pacald_e,0.0
pacald_p,0.0
palmACP_c,0.07291068500526703
pan4p_c,0.0003023220713892962
pant_DASH_R_c,0.0003023220713892962
pap_c,0.13009973751089546
paps_c,0.13009973751089546
pdx5p_c,0.00011704482972173191
pe120_c,0.0
pe120_p,0.0
pe140_c,0.0
pe140_p,0.0
pe141_c,0.0
pe141_p,0.0
pe160_c,0.5519417671854319
pe160_p,0.5278263333450969
pe161_c,0.5372758612742058
pe161_p,0.5262222105390503
pe180_c,0.0
pe180_p,0.0
pe181_c,0.0
pe181_p,0.0
peamn_e,0.0
peamn_p,0.0
pep_c,13.601047368164537
pg120_c,0.0
pg120_p,0.0
pg140_c,0.0
pg140_p,0.0
pg141_c,0.0
pg141_p,0.0
pg160_c,0.0
pg160_p,0.0
pg161_c,0.0
pg161_p,0.0
pg180_c,0.0
pg180_p,0.0
pg181_c,0.0
pg181_p,0.0
pgp120_c,0.0
pgp120_p,0.0
pgp140_c,0.0
pgp140_p,0.0
pgp141_c,0.0
pgp141_p,0.0
pgp160_c,0.0
pgp160_p,0.0
pgp161_c,0.0
pgp161_p,0.0
pgp180_c,0.0
pgp180_p,0.0
pgp181_c,0.0
pgp181_p,0.0
phaccoa_c,0.0
phe_DASH_L_c,0.5248647072723405
phe_DASH_L_e,0.0
phe_DASH_L_p,0.0
pheme_c,0.5248647072723405
pheme_e,0.0
pheme_p,0.0
phetrna_c,0.0
phhlipa_c,0.0
phom_c,0.3418073819294673
phphhlipa_c,0.0
phpyr_c,0.09723905999281016
phthr_c,0.00023408965944346383
pi_c,22.186639832444225
pi_e,0.5063007674408126
pi_p,0.5359006664800201
pimACP_c,1.3139352138318664e-06
pmeACP_c,1.3139352138318664e-06
pmtcoa_c,0.06994905893251065
pnto_DASH_R_c,0.0003023220713892962
pnto_DASH_R_e,0.0
pnto_DASH_R_p,0.0
poaac_c,0.0
ppa_c,0.0
ppa_e,0.0
ppa_p,0.0
ppal_c,0.0
ppal_e,0.0
ppal_p,0.0
ppap_c,0.0
ppbng_c,0.00023408965944346383
ppcoa_c,0.0
ppgpp_c,0.0
pphn_c,0.16973284849655856
ppi_c,1.38677442753177
ppp9_c,0.00011704482972173191
pppg9_c,0.00011704482972173191
pppi_c,0.0
pppn_c,0.0
pppn_e,0.0
pppn_p,0.0
ppt_e,0.0
ppt_p,0.0
pram_c,0.1518741945247666
pran_c,2.868223198432001
prbamp_c,0.04972463263756699
prbatp_c,0.04972463263756699
preq0_c,0.0
preq1_c,0.0
prfp_c,0.0
prlp_c,0.09944926527513398
pro_DASH_L_c,0.5248647072723405
pro_DASH_L_e,0.0
pro_DASH_L_p,0.0
progly_c,0.0
progly_e,0.0
progly_p,0.0
protrna_c,0.0
prpp_c,3.3753720484622254
ps120_c,0.0
ps140_c,0.0
ps141_c,0.0
ps160_c,0.03645534250263351
ps161_c,0.04083467735949164
ps180_c,0.0
ps181_c,0.0
psclys_c,0.0
psclys_e,0.0
psclys_p,0.0
pser_DASH_L_c,0.9654866930794688
pser_DASH_L_e,0.0
pser_DASH_L_p,0.0
ptrc_c,0.02192915138903497
ptrc_e,0.0
ptrc_p,0.0
pyam5p_c,0.0
pydam_c,0.0
pydam_e,0.0
pydam_p,0.0
pydx5p_c,0.5248647072723405
pydx_c,0.0
pydx_e,0.0
pydx_p,0.0
pydxn_c,0.0
pydxn_e,0.0
pydxn_p,0.0
pyr_c,4.837677529222265
pyr_e,0.0
pyr_p,0.0
q8_c,9.24796730449761
q8h2_c,9.247967304497612
quin_c,0.0
quin_e,0.0
quin_p,0.0
quln_c,0.0011956418031652714
r15bp_c,0.013970447150973172
r1p_c,0.014387025788797789
r5p_c,2.4786230579651307
r5p_e,0.0
r5p_p,0.0
ragund_c,0.0
rbflvrd_c,0.0
rbl_DASH_L_c,0.0
rdmbzi_c,0.0
rephaccoa_c,0.0
rfamp_e,0.0
rfamp_p,0.0
rhcys_c,0.00023537578380060888
rib_DASH_D_c,0.0
rib_DASH_D_e,0.0
rib_DASH_D_p,0.0
ribflv_c,0.5249817521020624
rml1p_c,0.0
rml_c,0.0
rmn_c,0.0
rmn_e,0.0
rmn_p,0.0
ru5p_DASH_D_c,2.5308092711458006
ru5p_DASH_L_c,0.0
s17bp_c,0.0
s7p_c,0.1035782624123809
sarcs_c,0.0
sbt6p_c,0.0
sbt_DASH_D_e,0.0
sbt_DASH_D_p,0.0
sbzcoa_c,0.0
scl_c,0.00011704482972173191
sectrna_c,0.0
sel_c,0.0
sel_e,0.0
sel_p,0.0
seln_c,0.0
selnp_c,0.0
ser_DASH_D_c,0.0
ser_DASH_D_e,0.0
ser_DASH_D_p,0.0
ser_DASH_L_c,0.6021547271344656
ser_DASH_L_e,0.0
ser_DASH_L_p,0.0
seramp_c,0.0
sertrna_LSQBKT_sec_RSQBKT__c,0.0
sertrna_c,0.0
sheme_c,0.5248647072723405
skm5p_c,2.6980221706165555
skm_c,2.6980221706165555
skm_e,0.0
skm_p,0.0
sl26da_c,0.21653035699672907
sl2a6o_c,0.21653035699672907
slnt_c,0.0
slnt_e,0.0
slnt_p,0.0
so2_c,0.0
so2_e,0.0
so2_p,0.0
so3_c,0.13009973751089554
so3_e,0.0
so3_p,0.0
so4_c,0.6549644447832359
so4_e,0.1323766006110429
so4_p,0.2647532012220858
spmd_c,0.0
spmd_e,0.0
spmd_p,0.0
stcoa_c,0.0
suc6p_c,0.0
sucarg_c,0.0019904078007965532
sucbz_c,0.0
succ_c,0.6775288012958601
succ_e,0.0
succ_p,0.0
succoa_c,0.6526846547774645
sucglu_c,0.0019904078007965532
sucgsa_c,0.0019904078007965532
suchms_c,0.08078268835593576
sucorn_c,0.0019904078007965532
sucr_e,0.0
sucr_p,0.0
sucsal_c,0.02192915138903497
sufbcd_DASH_2fe2s2_c,0.0
sufbcd_DASH_2fe2s_c,0.0
sufbcd_DASH_4fe4s_c,0.0
sufbcd_c,0.0
sufse_c,0.0
sufsesh_c,0.0
sulfac_c,0.0
sulfac_e,0.0
sulfac_p,0.0
t3c11vaceACP_c,0.0
t3c5ddeceACP_c,0.0
t3c7mrseACP_c,0.0
t3c9palmeACP_c,0.0
tag6p_DASH_D_c,0.0
tagdp_DASH_D_c,0.0
tagur_c,0.0
tartr_DASH_D_c,0.0
tartr_DASH_D_e,0.0
tartr_DASH_D_p,0.0
tartr_DASH_L_c,0.0
tartr_DASH_L_e,0.0
tartr_DASH_L_p,0.0
taur_c,0.0
taur_e,0.0
taur_p,0.0
tcynt_c,0.0
tcynt_e,0.0
tcynt_p,0.0
td2coa_c,0.29188356209063576
tdcoa_c,0.017923168486622315
tddec2eACP_c,0.0
tdeACP_c,0.0
tdec2eACP_c,0.0
tdecoa_c,0.0
thdp_c,0.21653035699672907
thex2eACP_c,0.0
thf_c,1.0843514505568532
thm_c,0.0
thm_e,0.0
thm_p,0.0
thmmp_c,0.00013855875309981542
thmnp_c,0.0
thmpp_c,0.5248862211957186
thptdn_c,0.0
thr_DASH_L_c,0.7335207362080095
thr_DASH_L_e,0.0
thr_DASH_L_p,0.0
thrp_e,0.0
thrp_p,0.0
thrtrna_c,0.0
thym_c,0.0
thym_e,0.0
thym_p,0.0
thymd_c,0.0
thymd_e,0.0
thymd_p,0.0
tma_c,0.0
tma_e,0.0
tma_p,0.0
tmao_c,0.0
tmao_e,0.0
tmao_p,0.0
tmrs2eACP_c,0.0
toct2eACP_c,0.0
toctd2eACP_c,0.0
tpalm2eACP_c,0.0
trdox_c,0.13009973751089546
trdrd_c,0.13009973751089546
tre6p_c,0.0
tre_c,0.0
tre_e,0.0
tre_p,0.0
trnaala_c,0.0
trnaarg_c,0.0
trnaasn_c,0.0
trnaasp_c,0.0
trnacys_c,0.0
trnagln_c,0.0
trnaglu_c,0.0018727172755477106
trnagly_c,0.0
trnahis_c,0.0
trnaile_c,0.0
trnaleu_c,0.0
trnalys_c,0.0
trnamet_c,0.0
trnaphe_c,0.0
trnapro_c,0.0
trnasecys_c,0.0
trnaser_c,0.0
trnathr_c,0.0
trnatrp_c,0.0
trnatyr_c,0.0
trnaval_c,0.0
trp_DASH_L_c,0.5285287413744101
trp_DASH_L_e,0.0
trp_DASH_L_p,0.0
trptrna_c,0.0
tsul_c,0.0
tsul_e,0.0
tsul_p,0.0
ttdca_c,0.0
ttdca_e,0.0
ttdca_p,0.0
ttdcap_c,0.0
ttdcea_c,0.0
ttdcea_e,0.0
ttdcea_p,0.0
ttdceap_c,0.0
ttrcyc_e,0.0
ttrcyc_p,0.0
tungs_c,0.0
tungs_e,0.0
tungs_p,0.0
tym_e,0.0
tym_p,0.0
tyr_DASH_L_c,0.5249817521020622
tyr_DASH_L_e,0.0
tyr_DASH_L_p,0.0
tyrp_e,0.0
tyrp_p,0.0
tyrtrna_c,0.0
u23ga_c,0.020423535489381313
u3aga_c,0.04084707097876264
u3hga_c,0.02042353548938132
uLa4fn_c,0.0
uLa4n_c,0.0
uLa4n_p,0.0
uaagmda_c,0.008410477610564635
uaccg_c,0.01682095522112927
uacgam_c,0.03364191044225854
uacgam_e,0.0
uacgam_p,0.0
uacmam_c,0.0
uacmamu_c,0.0
uagmda_c,0.01682095522112927
uama_c,0.01682095522112927
uamag_c,0.01682095522112927
uamr_c,0.01682095522112927
udcpdp_c,0.5416856624934697
udcpdp_p,0.0
udcpp_c,0.01682095522112927
udcpp_p,0.0
udpLa4fn_c,0.0
udpLa4n_c,0.0
udpLa4o_c,0.0
udp_c,0.23595837738891356
udpacgal_e,0.0
udpacgal_p,0.0
udpg_c,0.0
udpg_e,0.0
udpg_p,0.0
udpgal_c,0.0
udpgal_e,0.0
udpgal_p,0.0
udpgalfur_c,0.0
udpglcur_c,0.0
udpglcur_e,0.0
udpglcur_p,0.0
ugmd_c,0.01682095522112927
ugmda_c,0.01682095522112927
um4p_c,0.0
ump_c,0.0
ump_e,0.0
ump_p,0.0
unaga_c,0.0
unagamu_c,0.0
unagamuf_c,0.0
unagamuf_p,0.0
uppg3_c,0.00023408965944346383
ura_c,0.0
ura_e,0.0
ura_p,0.0
uracp_c,0.0
urate_c,0.033926603242521065
urdglyc_c,0.023893122326216428
urea_c,0.02192915138903497
urea_e,0.02192915138903497
urea_p,0.02192915138903497
uri_c,0.0
uri_e,0.0
uri_p,0.0
utp_c,0.9624855453946728
val_DASH_L_c,0.5248647072723405
val_DASH_L_e,0.0
val_DASH_L_p,0.0
valtrna_c,0.0
wco_c,0.0
xan_c,0.033926603242521065
xan_e,0.0
xan_p,0.0
xdp_c,0.0
xmp_c,0.14230495278638378
xmp_e,0.0
xmp_p,0.0
xtp_c,0.0
xtsn_c,0.014387025788797787
xtsn_e,0.0
xtsn_p,0.0
xu5p_DASH_D_c,2.7922876570702337
xu5p_DASH_L_c,0.0
xyl_DASH_D_c,0.0
xyl_DASH_D_e,0.0
xyl_DASH_D_p,0.0
xylu_DASH_D_c,0.0
xylu_DASH_L_c,0.0
xylu_DASH_L_e,0.0
xylu_DASH_L_p,0.0
zn2_c,0.5248976052448603
zn2_e,0.00017897886517986812
zn2_p,0.00039085570287958587
